,Start_date_of_CEWS_period,RegionCode,RegionName,RuralUrbanFlag,CMACAFlag,Number_business_locations,Subsidy_amount,Supported_employees,CEWS_rehire_count,province_regionCode,province_regionName
4,2020-03-15,10001,St. John's,URBAN,CMA,"2,020","42,997,000","22,273",180,10,Newfoundland and Labrador
5,2020-03-15,10005,Bay Roberts,URBAN,CA,70,"810,000",458,10,10,Newfoundland and Labrador
6,2020-03-15,10011,Gander,URBAN,CA,155,"3,532,000","1,648",25,10,Newfoundland and Labrador
51,2020-03-15,10015,Corner Brook,URBAN,CA,315,"5,274,000","2,549",20,10,Newfoundland and Labrador
295,2020-03-15,11105,Charlottetown,URBAN,CA,820,"13,496,000","7,625",70,11,Prince Edward Island
296,2020-03-15,11110,Summerside,URBAN,CA,160,"3,709,000","1,817",15,11,Prince Edward Island
381,2020-03-15,12205,Halifax,URBAN,CMA,"3,615","82,062,000","40,737",375,12,Nova Scotia
382,2020-03-15,12210,Kentville,URBAN,CA,245,"3,433,000","2,187",35,12,Nova Scotia
383,2020-03-15,12215,Truro,URBAN,CA,360,"5,868,000","3,371",30,12,Nova Scotia
384,2020-03-15,12220,New Glasgow,URBAN,CA,260,"4,187,000","2,242",40,12,Nova Scotia
385,2020-03-15,12225,Cape Breton,URBAN,CA,600,"10,364,000","6,255",65,12,Nova Scotia
630,2020-03-15,13305,Moncton,URBAN,CMA,"1,450","28,375,000","14,227",135,13,New Brunswick
631,2020-03-15,13310,Saint John,URBAN,CMA,"1,050","20,349,000","9,792",85,13,New Brunswick
632,2020-03-15,13320,Fredericton,URBAN,CA,955,"15,188,000","7,861",80,13,New Brunswick
633,2020-03-15,13328,Bathurst,URBAN,CA,220,"2,582,000","1,492",20,13,New Brunswick
634,2020-03-15,13329,Miramichi,URBAN,CA,240,"3,181,000","1,673",20,13,New Brunswick
635,2020-03-15,13330,Campbellton (New Brunswick part),URBAN,CA,135,"2,869,000","1,338",15,13,New Brunswick
636,2020-03-15,13335,Edmundston,URBAN,CA,210,"3,106,000","1,675",30,13,New Brunswick
951,2020-03-15,24330,Campbellton (Quebec part),URBAN,CA,5,"23,000",17,0,24,Quebec
1046,2020-03-15,24403,Matane,URBAN,CA,130,"1,564,000",888,15,24,Quebec
1047,2020-03-15,24404,Rimouski,URBAN,CA,465,"6,197,000","3,608",70,24,Quebec
1048,2020-03-15,24405,Rivière-du-Loup,URBAN,CA,310,"5,189,000","2,840",40,24,Quebec
1049,2020-03-15,24406,Baie-Comeau,URBAN,CA,215,"2,967,000","1,538",30,24,Quebec
1050,2020-03-15,24408,Saguenay,URBAN,CMA,"1,325","23,321,000","11,686",215,24,Quebec
1051,2020-03-15,24410,Alma,URBAN,CA,315,"4,194,000","2,335",45,24,Quebec
1063,2020-03-15,24411,Dolbeau-Mistassini,URBAN,CA,140,"1,695,000",925,25,24,Quebec
1065,2020-03-15,24412,Sept-Îles,URBAN,CA,240,"3,839,000","1,879",35,24,Quebec
1081,2020-03-15,24421,Québec,URBAN,CMA,"6,390","136,431,000","69,597",945,24,Quebec
1084,2020-03-15,24430,Thetford Mines,URBAN,CA,225,"4,328,000","2,075",35,24,Quebec
1086,2020-03-15,24433,Sherbrooke,URBAN,CMA,"1,620","30,586,000","15,965",255,24,Quebec
1087,2020-03-15,24440,Victoriaville,URBAN,CA,420,"6,705,000","4,045",60,24,Quebec
1099,2020-03-15,24442,Trois-Rivières,URBAN,CMA,"1,170","21,123,000","11,136",160,24,Quebec
1100,2020-03-15,24444,Shawinigan,URBAN,CA,315,"6,042,000","3,020",50,24,Quebec
1101,2020-03-15,24447,Drummondville,URBAN,CA,730,"14,396,000","7,022",105,24,Quebec
1102,2020-03-15,24450,Granby,URBAN,CA,705,"15,033,000","7,521",115,24,Quebec
1118,2020-03-15,24452,Saint-Hyacinthe,URBAN,CA,485,"9,109,000","4,869",60,24,Quebec
1119,2020-03-15,24454,Sorel-Tracy,URBAN,CA,200,"4,115,000","1,827",35,24,Quebec
1120,2020-03-15,24456,Joliette,URBAN,CA,500,"9,622,000","4,921",60,24,Quebec
1139,2020-03-15,24462,Montréal,URBAN,CMA,"31,835","874,474,000","411,215","4,370",24,Quebec
1147,2020-03-15,24480,Val-d'Or,URBAN,CA,345,"10,373,000","4,634",75,24,Quebec
1186,2020-03-15,24505,Ottawa - Gatineau (Quebec part),URBAN,CMA,"1,545","20,616,000","12,304",220,24,Quebec
2012,2020-03-15,35501,Cornwall,URBAN,CA,385,"9,100,000","4,712",40,35,Ontario
2013,2020-03-15,35505,Ottawa - Gatineau (Ontario part),URBAN,CMA,"8,445","210,339,000","97,620",935,35,Ontario
2014,2020-03-15,35507,Arnprior,URBAN,CA,100,"2,636,000","1,141",15,35,Ontario
2015,2020-03-15,35509,Carleton Place,URBAN,CA,175,"2,998,000","1,366",20,35,Ontario
2025,2020-03-15,35512,Brockville,URBAN,CA,285,"4,539,000","2,366",30,35,Ontario
2026,2020-03-15,35515,Pembroke,URBAN,CA,210,"4,088,000","2,066",15,35,Ontario
2037,2020-03-15,35521,Kingston,URBAN,CMA,"1,350","25,195,000","13,417",130,35,Ontario
2038,2020-03-15,35522,Belleville,URBAN,CMA,830,"17,090,000","8,784",70,35,Ontario
2039,2020-03-15,35529,Peterborough,URBAN,CMA,"1,035","20,626,000","10,082",90,35,Ontario
2041,2020-03-15,35532,Oshawa,URBAN,CMA,"2,120","45,069,000","23,383",230,35,Ontario
2042,2020-03-15,35535,Toronto,URBAN,CMA,"56,990","1,674,132,000","765,645","5,545",35,Ontario
2043,2020-03-15,35537,Hamilton,URBAN,CMA,"6,115","175,201,000","81,850",575,35,Ontario
2044,2020-03-15,35539,St. Catharines - Niagara,URBAN,CMA,"3,365","69,896,000","39,007",310,35,Ontario
2061,2020-03-15,35541,Kitchener - Cambridge - Waterloo,URBAN,CMA,"4,395","135,914,000","60,697",390,35,Ontario
2062,2020-03-15,35543,Brantford,URBAN,CMA,"1,010","27,650,000","13,358",90,35,Ontario
2063,2020-03-15,35550,Guelph,URBAN,CMA,"1,420","52,679,000","22,314",160,35,Ontario
2064,2020-03-15,35555,London,URBAN,CMA,"3,955","109,922,000","53,733",400,35,Ontario
2065,2020-03-15,35556,Chatham-Kent,URBAN,CA,640,"15,540,000","8,026",65,35,Ontario
2066,2020-03-15,35557,Leamington,URBAN,CA,290,"8,165,000","4,131",25,35,Ontario
2067,2020-03-15,35559,Windsor,URBAN,CMA,"2,385","69,812,000","33,658",200,35,Ontario
2080,2020-03-15,35562,Sarnia,URBAN,CA,710,"28,659,000","11,347",55,35,Ontario
2081,2020-03-15,35566,Owen Sound,URBAN,CA,300,"5,424,000","2,965",25,35,Ontario
2082,2020-03-15,35568,Barrie,URBAN,CMA,"1,720","34,100,000","17,867",175,35,Ontario
2105,2020-03-15,35571,Midland,URBAN,CA,210,"3,865,000","1,955",15,35,Ontario
2106,2020-03-15,35575,North Bay,URBAN,CA,565,"15,370,000","6,967",35,35,Ontario
2107,2020-03-15,35580,Greater Sudbury,URBAN,CMA,"1,300","38,652,000","16,631",110,35,Ontario
2125,2020-03-15,35590,Sault Ste. Marie,URBAN,CA,575,"21,885,000","9,233",45,35,Ontario
2133,2020-03-15,35595,Thunder Bay,URBAN,CMA,980,"22,818,000","11,406",80,35,Ontario
2283,2020-03-15,46602,Winnipeg,URBAN,CMA,"6,140","152,655,000","78,028",540,46,Manitoba
2284,2020-03-15,46603,Winkler,URBAN,CA,200,"5,668,000","2,756",10,46,Manitoba
2285,2020-03-15,46610,Brandon,URBAN,CA,490,"8,588,000","5,104",40,46,Manitoba
2639,2020-03-15,47705,Regina,URBAN,CMA,"2,070","45,795,000","22,200",195,47,Saskatchewan
2640,2020-03-15,47710,Yorkton,URBAN,CA,180,"3,570,000","1,674",15,47,Saskatchewan
2641,2020-03-15,47715,Moose Jaw,URBAN,CA,265,"5,145,000","2,766",25,47,Saskatchewan
2642,2020-03-15,47720,Swift Current,URBAN,CA,215,"3,620,000","1,697",20,47,Saskatchewan
2643,2020-03-15,47725,Saskatoon,URBAN,CMA,"2,760","57,007,000","27,773",275,47,Saskatchewan
2644,2020-03-15,47735,North Battleford,URBAN,CA,180,"3,312,000","1,747",20,47,Saskatchewan
2645,2020-03-15,47745,Prince Albert,URBAN,CA,320,"7,346,000","3,786",35,47,Saskatchewan
2646,2020-03-15,47750,Estevan,URBAN,CA,205,"6,779,000","2,659",10,47,Saskatchewan
2647,2020-03-15,47840,Lloydminster (Saskatchewan part),URBAN,CA,175,"2,763,000","1,164",15,47,Saskatchewan
2908,2020-03-15,48805,Medicine Hat,URBAN,CA,915,"17,855,000","8,445",55,48,Alberta
2909,2020-03-15,48806,Brooks,URBAN,CA,245,"5,068,000","2,173",10,48,Alberta
2910,2020-03-15,48810,Lethbridge,URBAN,CMA,"1,205","25,117,000","12,222",90,48,Alberta
2911,2020-03-15,48825,Calgary,URBAN,CMA,"15,535","529,138,000","215,748","1,350",48,Alberta
2912,2020-03-15,48831,Sylvan Lake,URBAN,CA,145,"2,362,000","1,127",15,48,Alberta
2913,2020-03-15,48835,Edmonton,URBAN,CMA,"14,060","366,167,000","161,865","1,205",48,Alberta
2914,2020-03-15,48860,Wood Buffalo,URBAN,CA,610,"47,878,000","16,100",70,48,Alberta
3262,2020-03-15,59905,Cranbrook,URBAN,CA,295,"6,831,000","3,080",25,59,British Columbia
3263,2020-03-15,59907,Nelson,URBAN,CA,220,"2,782,000","1,488",25,59,British Columbia
3264,2020-03-15,59913,Penticton,URBAN,CA,465,"7,830,000","3,814",55,59,British Columbia
3265,2020-03-15,59915,Kelowna,URBAN,CMA,"2,135","40,570,000","21,093",200,59,British Columbia
3266,2020-03-15,59918,Vernon,URBAN,CA,680,"11,200,000","5,589",85,59,British Columbia
3267,2020-03-15,59920,Salmon Arm,URBAN,CA,185,"3,977,000","1,885",10,59,British Columbia
3268,2020-03-15,59925,Kamloops,URBAN,CA,"1,025","21,913,000","10,693",115,59,British Columbia
3269,2020-03-15,59930,Chilliwack,URBAN,CA,665,"11,519,000","6,112",85,59,British Columbia
3270,2020-03-15,59932,Abbotsford - Mission,URBAN,CMA,"1,530","28,429,000","14,571",145,59,British Columbia
3271,2020-03-15,59933,Vancouver,URBAN,CMA,"26,675","624,976,000","294,419","2,785",59,British Columbia
3272,2020-03-15,59934,Squamish,URBAN,CA,230,"3,615,000","1,717",20,59,British Columbia
3273,2020-03-15,59935,Victoria,URBAN,CMA,"3,455","61,980,000","31,871",335,59,British Columbia
3274,2020-03-15,59937,Duncan,URBAN,CA,405,"9,498,000","4,130",50,59,British Columbia
3275,2020-03-15,59938,Nanaimo,URBAN,CA,"1,060","18,320,000","9,285",130,59,British Columbia
3276,2020-03-15,59939,Parksville,URBAN,CA,215,"2,558,000","1,423",20,59,British Columbia
3277,2020-03-15,59940,Port Alberni,URBAN,CA,170,"3,977,000","1,705",10,59,British Columbia
3278,2020-03-15,59943,Courtenay,URBAN,CA,485,"5,766,000","3,212",55,59,British Columbia
3279,2020-03-15,59944,Campbell River,URBAN,CA,345,"8,303,000","3,572",35,59,British Columbia
3280,2020-03-15,59945,Powell River,URBAN,CA,110,"1,923,000",935,15,59,British Columbia
3281,2020-03-15,59950,Williams Lake,URBAN,CA,180,"4,855,000","2,014",25,59,British Columbia
3282,2020-03-15,59952,Quesnel,URBAN,CA,165,"2,897,000","1,329",20,59,British Columbia
3283,2020-03-15,59955,Prince Rupert,URBAN,CA,100,"1,333,000",851,10,59,British Columbia
3284,2020-03-15,59965,Terrace,URBAN,CA,175,"3,900,000","1,759",15,59,British Columbia
3285,2020-03-15,59970,Prince George,URBAN,CA,795,"18,624,000","8,265",75,59,British Columbia
3286,2020-03-15,59977,Fort St. John,URBAN,CA,435,"11,926,000","4,655",25,59,British Columbia
3290,2020-03-15,60000,Yukon - rural part excluding undetermined CSDs,RURAL,Not applicable,35,"450,000",208,5,60,Yukon
3301,2020-03-15,60990,Whitehorse,URBAN,CA,325,"7,042,000","3,327",35,60,Yukon
3305,2020-03-15,61000,Northwest Territories - rural part excluding undetermined CSDs,RURAL,Not applicable,105,,,0,61,Northwest Territories
3328,2020-03-15,62000,Nunavut - rural part excluding undetermined CSDs,RURAL,Not applicable,125,"7,277,000","2,517",5,62,Nunavut
3351,2020-03-15,TOTAL,Canada,Not applicable,Not applicable,"294,070","7,459,996,000","3,489,214","30,520",TO,
3358,2020-04-12,10001,St. John's,URBAN,CMA,"2,245","49,013,000","20,303",225,10,Newfoundland and Labrador
3359,2020-04-12,10005,Bay Roberts,URBAN,CA,85,"957,000",496,5,10,Newfoundland and Labrador
3360,2020-04-12,10011,Gander,URBAN,CA,170,"3,441,000","1,376",20,10,Newfoundland and Labrador
3410,2020-04-12,10015,Corner Brook,URBAN,CA,340,"5,529,000","2,323",20,10,Newfoundland and Labrador
3658,2020-04-12,11105,Charlottetown,URBAN,CA,900,"14,684,000","6,776",80,11,Prince Edward Island
3659,2020-04-12,11110,Summerside,URBAN,CA,175,"4,224,000","1,826",20,11,Prince Edward Island
3744,2020-04-12,12205,Halifax,URBAN,CMA,"4,050","92,368,000","39,528",490,12,Nova Scotia
3745,2020-04-12,12210,Kentville,URBAN,CA,280,"4,912,000","2,407",35,12,Nova Scotia
3746,2020-04-12,12215,Truro,URBAN,CA,390,"7,178,000","3,453",40,12,Nova Scotia
3747,2020-04-12,12220,New Glasgow,URBAN,CA,285,"6,324,000","2,618",45,12,Nova Scotia
3748,2020-04-12,12225,Cape Breton,URBAN,CA,700,"11,662,000","5,889",90,12,Nova Scotia
3993,2020-04-12,13305,Moncton,URBAN,CMA,"1,670","35,349,000","15,371",180,13,New Brunswick
3994,2020-04-12,13310,Saint John,URBAN,CMA,"1,195","32,694,000","12,798",105,13,New Brunswick
3995,2020-04-12,13320,Fredericton,URBAN,CA,"1,035","16,940,000","7,810",115,13,New Brunswick
3996,2020-04-12,13328,Bathurst,URBAN,CA,275,"3,787,000","1,824",35,13,New Brunswick
3997,2020-04-12,13329,Miramichi,URBAN,CA,260,"4,023,000","1,785",25,13,New Brunswick
3998,2020-04-12,13330,Campbellton (New Brunswick part),URBAN,CA,145,"3,081,000","1,348",20,13,New Brunswick
3999,2020-04-12,13335,Edmundston,URBAN,CA,250,"5,923,000","2,519",40,13,New Brunswick
4327,2020-04-12,24330,Campbellton (Quebec part),URBAN,CA,5,"33,000",29,0,24,Quebec
4424,2020-04-12,24403,Matane,URBAN,CA,170,"2,781,000","1,324",30,24,Quebec
4425,2020-04-12,24404,Rimouski,URBAN,CA,595,"8,992,000","4,439",90,24,Quebec
4426,2020-04-12,24405,Rivière-du-Loup,URBAN,CA,425,"8,766,000","9,785",50,24,Quebec
4427,2020-04-12,24406,Baie-Comeau,URBAN,CA,270,"4,405,000","1,986",35,24,Quebec
4428,2020-04-12,24408,Saguenay,URBAN,CMA,"1,660","35,944,000","16,093",260,24,Quebec
4429,2020-04-12,24410,Alma,URBAN,CA,395,"6,644,000","3,241",70,24,Quebec
4440,2020-04-12,24411,Dolbeau-Mistassini,URBAN,CA,170,"2,531,000","1,302",35,24,Quebec
4442,2020-04-12,24412,Sept-Îles,URBAN,CA,285,"4,610,000","1,968",40,24,Quebec
4458,2020-04-12,24421,Québec,URBAN,CMA,"7,980","202,110,000","86,742","1,150",24,Quebec
4461,2020-04-12,24430,Thetford Mines,URBAN,CA,315,"7,567,000","3,329",55,24,Quebec
4463,2020-04-12,24433,Sherbrooke,URBAN,CMA,"2,135","47,798,000","21,182",370,24,Quebec
4464,2020-04-12,24440,Victoriaville,URBAN,CA,615,"11,975,000","5,864",100,24,Quebec
4476,2020-04-12,24442,Trois-Rivières,URBAN,CMA,"1,495","33,403,000","14,680",215,24,Quebec
4477,2020-04-12,24444,Shawinigan,URBAN,CA,430,"9,078,000","3,992",70,24,Quebec
4478,2020-04-12,24447,Drummondville,URBAN,CA,"1,015","30,590,000","12,724",175,24,Quebec
4479,2020-04-12,24450,Granby,URBAN,CA,950,"22,911,000","9,972",160,24,Quebec
4495,2020-04-12,24452,Saint-Hyacinthe,URBAN,CA,645,"15,216,000","6,797",95,24,Quebec
4496,2020-04-12,24454,Sorel-Tracy,URBAN,CA,270,"6,616,000","2,691",50,24,Quebec
4497,2020-04-12,24456,Joliette,URBAN,CA,630,"13,058,000","5,714",80,24,Quebec
4518,2020-04-12,24462,Montréal,URBAN,CMA,"38,005","1,135,569,000","465,961","5,395",24,Quebec
4527,2020-04-12,24480,Val-d'Or,URBAN,CA,410,"15,333,000","5,785",90,24,Quebec
4567,2020-04-12,24505,Ottawa - Gatineau (Quebec part),URBAN,CMA,"1,805","28,225,000","13,337",280,24,Quebec
5407,2020-04-12,35501,Cornwall,URBAN,CA,435,"10,472,000","4,586",35,35,Ontario
5408,2020-04-12,35505,Ottawa - Gatineau (Ontario part),URBAN,CMA,"9,305","240,886,000","99,183","1,100",35,Ontario
5409,2020-04-12,35507,Arnprior,URBAN,CA,105,"2,942,000","1,275",10,35,Ontario
5410,2020-04-12,35509,Carleton Place,URBAN,CA,210,"3,864,000","1,611",25,35,Ontario
5420,2020-04-12,35512,Brockville,URBAN,CA,330,"5,238,000","2,329",35,35,Ontario
5421,2020-04-12,35515,Pembroke,URBAN,CA,225,"4,868,000","2,235",15,35,Ontario
5432,2020-04-12,35521,Kingston,URBAN,CMA,"1,555","30,427,000","13,865",175,35,Ontario
5433,2020-04-12,35522,Belleville,URBAN,CMA,950,"21,047,000","9,436",105,35,Ontario
5434,2020-04-12,35529,Peterborough,URBAN,CMA,"1,135","22,201,000","9,706",120,35,Ontario
5436,2020-04-12,35532,Oshawa,URBAN,CMA,"2,395","52,000,000","23,146",285,35,Ontario
5437,2020-04-12,35535,Toronto,URBAN,CMA,"62,570","1,995,064,000","796,423","6,840",35,Ontario
5438,2020-04-12,35537,Hamilton,URBAN,CMA,"6,880","204,830,000","83,907",740,35,Ontario
5439,2020-04-12,35539,St. Catharines - Niagara,URBAN,CMA,"3,780","82,799,000","37,273",440,35,Ontario
5456,2020-04-12,35541,Kitchener - Cambridge - Waterloo,URBAN,CMA,"5,095","182,841,000","70,545",555,35,Ontario
5457,2020-04-12,35543,Brantford,URBAN,CMA,"1,170","31,950,000","13,449",105,35,Ontario
5458,2020-04-12,35550,Guelph,URBAN,CMA,"1,640","64,809,000","24,859",205,35,Ontario
5459,2020-04-12,35555,London,URBAN,CMA,"4,550","130,320,000","54,503",500,35,Ontario
5460,2020-04-12,35556,Chatham-Kent,URBAN,CA,705,"17,678,000","7,953",80,35,Ontario
5461,2020-04-12,35557,Leamington,URBAN,CA,345,"11,093,000","4,773",50,35,Ontario
5462,2020-04-12,35559,Windsor,URBAN,CMA,"2,655","84,007,000","34,050",320,35,Ontario
5476,2020-04-12,35562,Sarnia,URBAN,CA,820,"36,555,000","13,128",80,35,Ontario
5477,2020-04-12,35566,Owen Sound,URBAN,CA,350,"7,326,000","3,228",35,35,Ontario
5478,2020-04-12,35568,Barrie,URBAN,CMA,"1,925","42,563,000","18,445",225,35,Ontario
5501,2020-04-12,35571,Midland,URBAN,CA,240,"4,887,000","2,109",25,35,Ontario
5502,2020-04-12,35575,North Bay,URBAN,CA,615,"17,296,000","7,066",60,35,Ontario
5503,2020-04-12,35580,Greater Sudbury,URBAN,CMA,"1,455","43,699,000","17,117",140,35,Ontario
5521,2020-04-12,35590,Sault Ste. Marie,URBAN,CA,655,"23,169,000","9,210",75,35,Ontario
5531,2020-04-12,35595,Thunder Bay,URBAN,CMA,"1,115","26,475,000","11,443",120,35,Ontario
5681,2020-04-12,46602,Winnipeg,URBAN,CMA,"6,830","184,499,000","79,775",805,46,Manitoba
5682,2020-04-12,46603,Winkler,URBAN,CA,240,"6,981,000","3,100",15,46,Manitoba
5683,2020-04-12,46610,Brandon,URBAN,CA,570,"11,226,000","5,366",55,46,Manitoba
6052,2020-04-12,47705,Regina,URBAN,CMA,"2,305","52,953,000","21,868",275,47,Saskatchewan
6053,2020-04-12,47710,Yorkton,URBAN,CA,190,"3,777,000","1,702",20,47,Saskatchewan
6054,2020-04-12,47715,Moose Jaw,URBAN,CA,300,"5,417,000","2,450",40,47,Saskatchewan
6055,2020-04-12,47720,Swift Current,URBAN,CA,260,"4,496,000","1,952",30,47,Saskatchewan
6056,2020-04-12,47725,Saskatoon,URBAN,CMA,"3,110","69,556,000","29,440",385,47,Saskatchewan
6057,2020-04-12,47735,North Battleford,URBAN,CA,175,"3,264,000","1,535",20,47,Saskatchewan
6058,2020-04-12,47745,Prince Albert,URBAN,CA,360,"8,361,000","3,649",50,47,Saskatchewan
6059,2020-04-12,47750,Estevan,URBAN,CA,235,"6,898,000","2,583",20,47,Saskatchewan
6060,2020-04-12,47840,Lloydminster (Saskatchewan part),URBAN,CA,200,"3,058,000","1,217",15,47,Saskatchewan
6325,2020-04-12,48805,Medicine Hat,URBAN,CA,"1,020","20,780,000","8,790",105,48,Alberta
6326,2020-04-12,48806,Brooks,URBAN,CA,280,"4,928,000","2,047",15,48,Alberta
6327,2020-04-12,48810,Lethbridge,URBAN,CMA,"1,365","30,527,000","12,843",120,48,Alberta
6328,2020-04-12,48825,Calgary,URBAN,CMA,"17,135","584,506,000","215,907","1,920",48,Alberta
6329,2020-04-12,48831,Sylvan Lake,URBAN,CA,160,"2,134,000",966,15,48,Alberta
6330,2020-04-12,48835,Edmonton,URBAN,CMA,"15,565","428,795,000","168,606","1,650",48,Alberta
6331,2020-04-12,48860,Wood Buffalo,URBAN,CA,700,"60,621,000","20,133",100,48,Alberta
6681,2020-04-12,59905,Cranbrook,URBAN,CA,350,"7,326,000","3,009",35,59,British Columbia
6682,2020-04-12,59907,Nelson,URBAN,CA,245,"3,068,000","1,271",25,59,British Columbia
6683,2020-04-12,59913,Penticton,URBAN,CA,510,"9,988,000","4,183",65,59,British Columbia
6684,2020-04-12,59915,Kelowna,URBAN,CMA,"2,470","50,455,000","20,675",275,59,British Columbia
6685,2020-04-12,59918,Vernon,URBAN,CA,750,"12,498,000","5,413",100,59,British Columbia
6686,2020-04-12,59920,Salmon Arm,URBAN,CA,215,"5,052,000","2,093",20,59,British Columbia
6687,2020-04-12,59925,Kamloops,URBAN,CA,"1,175","26,123,000","10,809",140,59,British Columbia
6688,2020-04-12,59930,Chilliwack,URBAN,CA,755,"14,122,000","6,378",95,59,British Columbia
6689,2020-04-12,59932,Abbotsford - Mission,URBAN,CMA,"1,745","35,137,000","15,129",165,59,British Columbia
6690,2020-04-12,59933,Vancouver,URBAN,CMA,"29,585","715,266,000","298,237","3,285",59,British Columbia
6691,2020-04-12,59934,Squamish,URBAN,CA,265,"4,194,000","1,746",25,59,British Columbia
6692,2020-04-12,59935,Victoria,URBAN,CMA,"3,910","72,735,000","30,855",430,59,British Columbia
6693,2020-04-12,59937,Duncan,URBAN,CA,480,"11,412,000","4,655",35,59,British Columbia
6694,2020-04-12,59938,Nanaimo,URBAN,CA,"1,200","21,710,000","9,160",135,59,British Columbia
6695,2020-04-12,59939,Parksville,URBAN,CA,240,"2,974,000","1,420",20,59,British Columbia
6696,2020-04-12,59940,Port Alberni,URBAN,CA,180,"4,431,000","1,784",20,59,British Columbia
6697,2020-04-12,59943,Courtenay,URBAN,CA,555,"6,973,000","3,152",60,59,British Columbia
6698,2020-04-12,59944,Campbell River,URBAN,CA,395,"11,151,000","4,360",40,59,British Columbia
6699,2020-04-12,59945,Powell River,URBAN,CA,130,"2,219,000",956,10,59,British Columbia
6700,2020-04-12,59950,Williams Lake,URBAN,CA,210,"5,442,000","2,061",25,59,British Columbia
6701,2020-04-12,59952,Quesnel,URBAN,CA,195,"2,917,000","1,240",25,59,British Columbia
6702,2020-04-12,59955,Prince Rupert,URBAN,CA,90,"1,300,000",654,5,59,British Columbia
6703,2020-04-12,59965,Terrace,URBAN,CA,200,"4,322,000","1,759",25,59,British Columbia
6704,2020-04-12,59970,Prince George,URBAN,CA,935,"21,236,000","8,506",100,59,British Columbia
6705,2020-04-12,59977,Fort St. John,URBAN,CA,515,"13,780,000","5,122",45,59,British Columbia
6709,2020-04-12,60000,Yukon - rural part excluding undetermined CSDs,RURAL,Not applicable,45,"590,000",261,5,60,Yukon
6721,2020-04-12,60990,Whitehorse,URBAN,CA,370,"7,566,000","3,254",40,60,Yukon
6725,2020-04-12,61000,Northwest Territories - rural part excluding undetermined CSDs,RURAL,Not applicable,110,,,0,61,Northwest Territories
6749,2020-04-12,62000,Nunavut - rural part excluding undetermined CSDs,RURAL,Not applicable,115,"7,902,000","2,713",0,62,Nunavut
6771,2020-04-12,TOTAL,Canada,Not applicable,Not applicable,"336,595","9,111,729,000","3,743,506","38,945",TO,
6778,2020-05-10,10001,St. John's,URBAN,CMA,"2,185","52,545,000","21,718",260,10,Newfoundland and Labrador
6779,2020-05-10,10005,Bay Roberts,URBAN,CA,80,"1,066,000",508,10,10,Newfoundland and Labrador
6780,2020-05-10,10011,Gander,URBAN,CA,170,"3,873,000","1,566",25,10,Newfoundland and Labrador
6830,2020-05-10,10015,Corner Brook,URBAN,CA,340,"7,265,000","3,105",35,10,Newfoundland and Labrador
7091,2020-05-10,11105,Charlottetown,URBAN,CA,925,"15,921,000","7,995",125,11,Prince Edward Island
7092,2020-05-10,11110,Summerside,URBAN,CA,170,"4,978,000","2,135",30,11,Prince Edward Island
7176,2020-05-10,12205,Halifax,URBAN,CMA,"3,930","94,768,000","42,278",520,12,Nova Scotia
7177,2020-05-10,12210,Kentville,URBAN,CA,265,"4,971,000","2,466",45,12,Nova Scotia
7178,2020-05-10,12215,Truro,URBAN,CA,360,"6,617,000","3,099",55,12,Nova Scotia
7179,2020-05-10,12220,New Glasgow,URBAN,CA,260,"6,716,000","2,808",40,12,Nova Scotia
7180,2020-05-10,12225,Cape Breton,URBAN,CA,760,"13,019,000","6,510",95,12,Nova Scotia
7434,2020-05-10,13305,Moncton,URBAN,CMA,"1,635","38,660,000","17,698",215,13,New Brunswick
7435,2020-05-10,13310,Saint John,URBAN,CMA,"1,160","35,847,000","14,600",145,13,New Brunswick
7436,2020-05-10,13320,Fredericton,URBAN,CA,990,"17,968,000","8,743",125,13,New Brunswick
7437,2020-05-10,13328,Bathurst,URBAN,CA,305,"4,763,000","2,310",40,13,New Brunswick
7438,2020-05-10,13329,Miramichi,URBAN,CA,265,"4,849,000","2,243",35,13,New Brunswick
7439,2020-05-10,13330,Campbellton (New Brunswick part),URBAN,CA,140,"2,372,000","1,072",20,13,New Brunswick
7440,2020-05-10,13335,Edmundston,URBAN,CA,260,"6,830,000","2,879",60,13,New Brunswick
7768,2020-05-10,24330,Campbellton (Quebec part),URBAN,CA,5,"41,000",22,0,24,Quebec
7864,2020-05-10,24403,Matane,URBAN,CA,170,"3,837,000","1,724",25,24,Quebec
7865,2020-05-10,24404,Rimouski,URBAN,CA,615,"12,081,000","5,827",65,24,Quebec
7866,2020-05-10,24405,Rivière-du-Loup,URBAN,CA,445,"10,190,000","4,639",65,24,Quebec
7867,2020-05-10,24406,Baie-Comeau,URBAN,CA,265,"6,144,000","2,594",40,24,Quebec
7868,2020-05-10,24408,Saguenay,URBAN,CMA,"1,680","46,582,000","20,164",275,24,Quebec
7869,2020-05-10,24410,Alma,URBAN,CA,400,"10,051,000","4,545",60,24,Quebec
7880,2020-05-10,24411,Dolbeau-Mistassini,URBAN,CA,170,"3,340,000","1,570",35,24,Quebec
7882,2020-05-10,24412,Sept-Îles,URBAN,CA,275,"5,218,000","2,197",50,24,Quebec
7898,2020-05-10,24421,Québec,URBAN,CMA,"8,150","254,565,000","105,843","1,145",24,Quebec
7901,2020-05-10,24430,Thetford Mines,URBAN,CA,315,"10,157,000","4,356",45,24,Quebec
7903,2020-05-10,24433,Sherbrooke,URBAN,CMA,"2,160","63,292,000","26,889",310,24,Quebec
7904,2020-05-10,24440,Victoriaville,URBAN,CA,640,"17,460,000","7,968",100,24,Quebec
7916,2020-05-10,24442,Trois-Rivières,URBAN,CMA,"1,565","43,079,000","18,779",205,24,Quebec
7917,2020-05-10,24444,Shawinigan,URBAN,CA,430,"11,302,000","4,919",65,24,Quebec
7918,2020-05-10,24447,Drummondville,URBAN,CA,"1,040","40,330,000","16,414",160,24,Quebec
7919,2020-05-10,24450,Granby,URBAN,CA,965,"29,202,000","12,371",135,24,Quebec
7936,2020-05-10,24452,Saint-Hyacinthe,URBAN,CA,645,"18,733,000","8,240",95,24,Quebec
7937,2020-05-10,24454,Sorel-Tracy,URBAN,CA,285,"8,656,000","3,351",35,24,Quebec
7938,2020-05-10,24456,Joliette,URBAN,CA,615,"16,384,000","7,007",85,24,Quebec
7960,2020-05-10,24462,Montréal,URBAN,CMA,"38,995","1,294,801,000","530,094","5,630",24,Quebec
7969,2020-05-10,24480,Val-d'Or,URBAN,CA,405,"15,696,000","6,110",80,24,Quebec
8010,2020-05-10,24505,Ottawa - Gatineau (Quebec part),URBAN,CMA,"1,780","34,812,000","16,079",280,24,Quebec
8855,2020-05-10,35501,Cornwall,URBAN,CA,400,"10,772,000","4,702",35,35,Ontario
8856,2020-05-10,35505,Ottawa - Gatineau (Ontario part),URBAN,CMA,"8,970","239,793,000","99,214","1,220",35,Ontario
8857,2020-05-10,35507,Arnprior,URBAN,CA,105,"3,417,000","1,402",20,35,Ontario
8858,2020-05-10,35509,Carleton Place,URBAN,CA,210,"3,651,000","1,686",35,35,Ontario
8868,2020-05-10,35512,Brockville,URBAN,CA,335,"7,829,000","3,286",55,35,Ontario
8869,2020-05-10,35515,Pembroke,URBAN,CA,210,"4,298,000","1,979",20,35,Ontario
8880,2020-05-10,35521,Kingston,URBAN,CMA,"1,495","31,964,000","14,805",215,35,Ontario
8881,2020-05-10,35522,Belleville,URBAN,CMA,895,"21,363,000","9,136",125,35,Ontario
8882,2020-05-10,35529,Peterborough,URBAN,CMA,"1,110","24,792,000","11,001",145,35,Ontario
8885,2020-05-10,35532,Oshawa,URBAN,CMA,"2,365","54,963,000","24,631",335,35,Ontario
8886,2020-05-10,35535,Toronto,URBAN,CMA,"60,710","1,982,690,000","798,960","7,895",35,Ontario
8887,2020-05-10,35537,Hamilton,URBAN,CMA,"6,620","207,280,000","85,820",835,35,Ontario
8888,2020-05-10,35539,St. Catharines - Niagara,URBAN,CMA,"3,705","86,114,000","39,152",525,35,Ontario
8904,2020-05-10,35541,Kitchener - Cambridge - Waterloo,URBAN,CMA,"4,930","187,494,000","73,934",595,35,Ontario
8905,2020-05-10,35543,Brantford,URBAN,CMA,"1,100","35,046,000","14,659",130,35,Ontario
8906,2020-05-10,35550,Guelph,URBAN,CMA,"1,580","68,694,000","26,329",200,35,Ontario
8907,2020-05-10,35555,London,URBAN,CMA,"4,335","136,917,000","57,522",565,35,Ontario
8908,2020-05-10,35556,Chatham-Kent,URBAN,CA,665,"18,766,000","8,293",85,35,Ontario
8909,2020-05-10,35557,Leamington,URBAN,CA,330,"8,404,000","3,632",50,35,Ontario
8910,2020-05-10,35559,Windsor,URBAN,CMA,"2,615","109,591,000","44,680",420,35,Ontario
8924,2020-05-10,35562,Sarnia,URBAN,CA,800,"38,396,000","13,767",110,35,Ontario
8925,2020-05-10,35566,Owen Sound,URBAN,CA,330,"7,607,000","3,456",45,35,Ontario
8926,2020-05-10,35568,Barrie,URBAN,CMA,"1,875","45,492,000","19,989",260,35,Ontario
8948,2020-05-10,35571,Midland,URBAN,CA,235,"5,751,000","2,443",45,35,Ontario
8949,2020-05-10,35575,North Bay,URBAN,CA,605,"17,575,000","7,226",85,35,Ontario
8950,2020-05-10,35580,Greater Sudbury,URBAN,CMA,"1,355","43,785,000","17,230",180,35,Ontario
8966,2020-05-10,35590,Sault Ste. Marie,URBAN,CA,635,"23,531,000","9,346",60,35,Ontario
8977,2020-05-10,35595,Thunder Bay,URBAN,CMA,"1,055","27,941,000","11,952",125,35,Ontario
9126,2020-05-10,46602,Winnipeg,URBAN,CMA,"6,505","186,222,000","82,663",885,46,Manitoba
9127,2020-05-10,46603,Winkler,URBAN,CA,220,"8,574,000","3,710",20,46,Manitoba
9128,2020-05-10,46610,Brandon,URBAN,CA,535,"11,233,000","5,252",55,46,Manitoba
9502,2020-05-10,47705,Regina,URBAN,CMA,"2,200","47,483,000","20,835",280,47,Saskatchewan
9503,2020-05-10,47710,Yorkton,URBAN,CA,160,"3,505,000","1,601",25,47,Saskatchewan
9504,2020-05-10,47715,Moose Jaw,URBAN,CA,280,"5,152,000","2,272",35,47,Saskatchewan
9505,2020-05-10,47720,Swift Current,URBAN,CA,255,"4,607,000","1,960",30,47,Saskatchewan
9506,2020-05-10,47725,Saskatoon,URBAN,CMA,"2,965","71,969,000","30,642",410,47,Saskatchewan
9507,2020-05-10,47735,North Battleford,URBAN,CA,145,"2,644,000","1,175",10,47,Saskatchewan
9508,2020-05-10,47745,Prince Albert,URBAN,CA,335,"8,426,000","3,616",50,47,Saskatchewan
9509,2020-05-10,47750,Estevan,URBAN,CA,235,"6,790,000","2,487",25,47,Saskatchewan
9510,2020-05-10,47840,Lloydminster (Saskatchewan part),URBAN,CA,195,"3,153,000","1,189",20,47,Saskatchewan
9771,2020-05-10,48805,Medicine Hat,URBAN,CA,995,"21,968,000","9,602",110,48,Alberta
9772,2020-05-10,48806,Brooks,URBAN,CA,265,"5,153,000","2,127",25,48,Alberta
9773,2020-05-10,48810,Lethbridge,URBAN,CMA,"1,275","28,005,000","11,992",140,48,Alberta
9774,2020-05-10,48825,Calgary,URBAN,CMA,"16,745","585,186,000","221,722","2,225",48,Alberta
9775,2020-05-10,48831,Sylvan Lake,URBAN,CA,160,"2,276,000","1,058",20,48,Alberta
9776,2020-05-10,48835,Edmonton,URBAN,CMA,"15,390","448,677,000","178,570","1,945",48,Alberta
9777,2020-05-10,48860,Wood Buffalo,URBAN,CA,705,"63,262,000","21,106",95,48,Alberta
10126,2020-05-10,59905,Cranbrook,URBAN,CA,335,"7,365,000","3,046",30,59,British Columbia
10127,2020-05-10,59907,Nelson,URBAN,CA,230,"3,245,000","1,529",35,59,British Columbia
10128,2020-05-10,59913,Penticton,URBAN,CA,470,"10,197,000","4,594",55,59,British Columbia
10129,2020-05-10,59915,Kelowna,URBAN,CMA,"2,365","51,689,000","22,889",310,59,British Columbia
10130,2020-05-10,59918,Vernon,URBAN,CA,715,"12,538,000","5,795",85,59,British Columbia
10131,2020-05-10,59920,Salmon Arm,URBAN,CA,200,"4,591,000","1,909",25,59,British Columbia
10132,2020-05-10,59925,Kamloops,URBAN,CA,"1,115","26,081,000","11,455",165,59,British Columbia
10133,2020-05-10,59930,Chilliwack,URBAN,CA,705,"14,276,000","6,754",100,59,British Columbia
10134,2020-05-10,59932,Abbotsford - Mission,URBAN,CMA,"1,615","33,566,000","15,227",215,59,British Columbia
10135,2020-05-10,59933,Vancouver,URBAN,CMA,"29,215","702,359,000","317,620","4,295",59,British Columbia
10136,2020-05-10,59934,Squamish,URBAN,CA,270,"4,615,000","1,996",35,59,British Columbia
10137,2020-05-10,59935,Victoria,URBAN,CMA,"3,845","74,115,000","33,506",495,59,British Columbia
10138,2020-05-10,59937,Duncan,URBAN,CA,465,"10,551,000","4,532",60,59,British Columbia
10139,2020-05-10,59938,Nanaimo,URBAN,CA,"1,190","22,247,000","10,109",165,59,British Columbia
10140,2020-05-10,59939,Parksville,URBAN,CA,230,"3,021,000","1,561",20,59,British Columbia
10141,2020-05-10,59940,Port Alberni,URBAN,CA,170,"4,163,000","1,693",15,59,British Columbia
10142,2020-05-10,59943,Courtenay,URBAN,CA,540,"7,633,000","3,816",70,59,British Columbia
10143,2020-05-10,59944,Campbell River,URBAN,CA,390,"9,626,000","3,820",45,59,British Columbia
10144,2020-05-10,59945,Powell River,URBAN,CA,125,"1,838,000",850,20,59,British Columbia
10145,2020-05-10,59950,Williams Lake,URBAN,CA,180,"5,290,000","2,038",25,59,British Columbia
10146,2020-05-10,59952,Quesnel,URBAN,CA,185,"3,724,000","1,692",30,59,British Columbia
10147,2020-05-10,59955,Prince Rupert,URBAN,CA,100,"1,489,000",732,5,59,British Columbia
10148,2020-05-10,59965,Terrace,URBAN,CA,175,"4,179,000","1,704",20,59,British Columbia
10149,2020-05-10,59970,Prince George,URBAN,CA,875,"23,415,000","9,506",110,59,British Columbia
10150,2020-05-10,59977,Fort St. John,URBAN,CA,510,"14,906,000","5,535",65,59,British Columbia
10154,2020-05-10,60000,Yukon - rural part excluding undetermined CSDs,RURAL,Not applicable,55,"722,000",339,10,60,Yukon
10168,2020-05-10,60990,Whitehorse,URBAN,CA,345,"7,015,000","3,058",45,60,Yukon
10172,2020-05-10,61000,Northwest Territories - rural part excluding undetermined CSDs,RURAL,Not applicable,105,,,10,61,Northwest Territories
10195,2020-05-10,62000,Nunavut - rural part excluding undetermined CSDs,RURAL,Not applicable,110,"8,045,000","2,812",10,62,Nunavut
10216,2020-05-10,TOTAL,Canada,Not applicable,Not applicable,"331,865","9,647,710,000","4,011,166","44,420",TO,
10223,2020-06-07,10001,St. John's,URBAN,CMA,"1,910","52,863,000","22,099",210,10,Newfoundland and Labrador
10224,2020-06-07,10005,Bay Roberts,URBAN,CA,70,"949,000",489,10,10,Newfoundland and Labrador
10225,2020-06-07,10011,Gander,URBAN,CA,160,"3,518,000","1,450",20,10,Newfoundland and Labrador
10276,2020-06-07,10015,Corner Brook,URBAN,CA,295,"7,272,000","3,177",25,10,Newfoundland and Labrador
10536,2020-06-07,11105,Charlottetown,URBAN,CA,850,"15,484,000","8,071",105,11,Prince Edward Island
10537,2020-06-07,11110,Summerside,URBAN,CA,150,"4,617,000","2,113",20,11,Prince Edward Island
10621,2020-06-07,12205,Halifax,URBAN,CMA,"3,530","92,006,000","43,068",480,12,Nova Scotia
10622,2020-06-07,12210,Kentville,URBAN,CA,225,"4,369,000","2,143",35,12,Nova Scotia
10623,2020-06-07,12215,Truro,URBAN,CA,305,"5,660,000","2,891",45,12,Nova Scotia
10624,2020-06-07,12220,New Glasgow,URBAN,CA,225,"5,756,000","2,545",30,12,Nova Scotia
10625,2020-06-07,12225,Cape Breton,URBAN,CA,670,"11,977,000","5,874",90,12,Nova Scotia
10871,2020-06-07,13305,Moncton,URBAN,CMA,"1,295","31,370,000","14,331",145,13,New Brunswick
10872,2020-06-07,13310,Saint John,URBAN,CMA,975,"34,121,000","13,836",75,13,New Brunswick
10873,2020-06-07,13320,Fredericton,URBAN,CA,810,"15,377,000","7,923",80,13,New Brunswick
10874,2020-06-07,13328,Bathurst,URBAN,CA,245,"4,055,000","1,898",20,13,New Brunswick
10875,2020-06-07,13329,Miramichi,URBAN,CA,200,"3,709,000","1,791",25,13,New Brunswick
10876,2020-06-07,13330,Campbellton (New Brunswick part),URBAN,CA,150,"3,611,000","1,620",20,13,New Brunswick
10877,2020-06-07,13335,Edmundston,URBAN,CA,215,"5,880,000","2,525",30,13,New Brunswick
11194,2020-06-07,24330,Campbellton (Quebec part),URBAN,CA,5,"72,000",34,0,24,Quebec
11289,2020-06-07,24403,Matane,URBAN,CA,135,"3,278,000","1,485",15,24,Quebec
11290,2020-06-07,24404,Rimouski,URBAN,CA,510,"10,253,000","5,197",40,24,Quebec
11291,2020-06-07,24405,Rivière-du-Loup,URBAN,CA,350,"7,677,000","3,607",45,24,Quebec
11292,2020-06-07,24406,Baie-Comeau,URBAN,CA,225,"6,022,000","2,476",30,24,Quebec
11293,2020-06-07,24408,Saguenay,URBAN,CMA,"1,390","39,543,000","17,950",190,24,Quebec
11294,2020-06-07,24410,Alma,URBAN,CA,315,"8,012,000","3,599",30,24,Quebec
11306,2020-06-07,24411,Dolbeau-Mistassini,URBAN,CA,130,"3,392,000","1,570",20,24,Quebec
11308,2020-06-07,24412,Sept-Îles,URBAN,CA,215,"4,187,000","1,858",25,24,Quebec
11324,2020-06-07,24421,Québec,URBAN,CMA,"6,905","209,778,000","95,417",730,24,Quebec
11327,2020-06-07,24430,Thetford Mines,URBAN,CA,240,"7,630,000","3,366",25,24,Quebec
11329,2020-06-07,24433,Sherbrooke,URBAN,CMA,"1,730","55,155,000","24,820",200,24,Quebec
11330,2020-06-07,24440,Victoriaville,URBAN,CA,480,"12,637,000","6,074",60,24,Quebec
11342,2020-06-07,24442,Trois-Rivières,URBAN,CMA,"1,330","39,954,000","18,173",130,24,Quebec
11343,2020-06-07,24444,Shawinigan,URBAN,CA,340,"9,842,000","4,422",55,24,Quebec
11344,2020-06-07,24447,Drummondville,URBAN,CA,825,"28,840,000","12,626",115,24,Quebec
11345,2020-06-07,24450,Granby,URBAN,CA,755,"23,710,000","10,961",80,24,Quebec
11361,2020-06-07,24452,Saint-Hyacinthe,URBAN,CA,510,"15,044,000","6,954",50,24,Quebec
11362,2020-06-07,24454,Sorel-Tracy,URBAN,CA,240,"8,382,000","3,323",20,24,Quebec
11363,2020-06-07,24456,Joliette,URBAN,CA,490,"13,919,000","6,022",70,24,Quebec
11385,2020-06-07,24462,Montréal,URBAN,CMA,"35,155","1,159,302,000","501,909","4,535",24,Quebec
11394,2020-06-07,24480,Val-d'Or,URBAN,CA,310,"12,854,000","4,990",50,24,Quebec
11435,2020-06-07,24505,Ottawa - Gatineau (Quebec part),URBAN,CMA,"1,505","29,101,000","14,505",195,24,Quebec
12276,2020-06-07,35501,Cornwall,URBAN,CA,320,"8,872,000","4,014",25,35,Ontario
12277,2020-06-07,35505,Ottawa - Gatineau (Ontario part),URBAN,CMA,"8,245","214,066,000","95,301","1,125",35,Ontario
12278,2020-06-07,35507,Arnprior,URBAN,CA,85,"2,354,000",979,10,35,Ontario
12279,2020-06-07,35509,Carleton Place,URBAN,CA,185,"2,962,000","1,433",30,35,Ontario
12289,2020-06-07,35512,Brockville,URBAN,CA,275,"6,951,000","3,044",35,35,Ontario
12290,2020-06-07,35515,Pembroke,URBAN,CA,185,"3,548,000","1,804",15,35,Ontario
12301,2020-06-07,35521,Kingston,URBAN,CMA,"1,285","27,718,000","13,394",160,35,Ontario
12302,2020-06-07,35522,Belleville,URBAN,CMA,760,"19,048,000","8,326",100,35,Ontario
12303,2020-06-07,35529,Peterborough,URBAN,CMA,935,"20,973,000","9,737",115,35,Ontario
12306,2020-06-07,35532,Oshawa,URBAN,CMA,"2,135","53,955,000","24,636",315,35,Ontario
12307,2020-06-07,35535,Toronto,URBAN,CMA,"55,735","1,794,575,000","785,010","7,615",35,Ontario
12308,2020-06-07,35537,Hamilton,URBAN,CMA,"5,945","188,311,000","80,335",730,35,Ontario
12309,2020-06-07,35539,St. Catharines - Niagara,URBAN,CMA,"3,320","79,369,000","39,089",435,35,Ontario
12324,2020-06-07,35541,Kitchener - Cambridge - Waterloo,URBAN,CMA,"4,285","166,781,000","66,732",485,35,Ontario
12325,2020-06-07,35543,Brantford,URBAN,CMA,945,"30,677,000","12,794",125,35,Ontario
12326,2020-06-07,35550,Guelph,URBAN,CMA,"1,365","63,609,000","24,964",180,35,Ontario
12327,2020-06-07,35555,London,URBAN,CMA,"3,735","118,267,000","52,019",455,35,Ontario
12328,2020-06-07,35556,Chatham-Kent,URBAN,CA,560,"16,754,000","7,523",65,35,Ontario
12329,2020-06-07,35557,Leamington,URBAN,CA,260,"7,037,000","3,032",30,35,Ontario
12330,2020-06-07,35559,Windsor,URBAN,CMA,"2,300","118,499,000","47,204",340,35,Ontario
12344,2020-06-07,35562,Sarnia,URBAN,CA,665,"33,253,000","12,223",65,35,Ontario
12345,2020-06-07,35566,Owen Sound,URBAN,CA,270,"6,863,000","3,510",45,35,Ontario
12346,2020-06-07,35568,Barrie,URBAN,CMA,"1,615","38,684,000","17,748",205,35,Ontario
12367,2020-06-07,35571,Midland,URBAN,CA,195,"4,863,000","2,130",20,35,Ontario
12368,2020-06-07,35575,North Bay,URBAN,CA,515,"15,206,000","6,517",65,35,Ontario
12369,2020-06-07,35580,Greater Sudbury,URBAN,CMA,"1,125","39,669,000","15,867",120,35,Ontario
12385,2020-06-07,35590,Sault Ste. Marie,URBAN,CA,540,"22,076,000","8,760",55,35,Ontario
12396,2020-06-07,35595,Thunder Bay,URBAN,CMA,900,"25,190,000","10,778",115,35,Ontario
12539,2020-06-07,46602,Winnipeg,URBAN,CMA,"5,455","163,969,000","75,676",730,46,Manitoba
12540,2020-06-07,46603,Winkler,URBAN,CA,160,"7,066,000","3,114",15,46,Manitoba
12541,2020-06-07,46610,Brandon,URBAN,CA,405,"8,462,000","4,353",35,46,Manitoba
12899,2020-06-07,47705,Regina,URBAN,CMA,"1,880","43,142,000","20,430",240,47,Saskatchewan
12900,2020-06-07,47710,Yorkton,URBAN,CA,145,"3,663,000","1,632",15,47,Saskatchewan
12901,2020-06-07,47715,Moose Jaw,URBAN,CA,225,"4,417,000","2,152",30,47,Saskatchewan
12902,2020-06-07,47720,Swift Current,URBAN,CA,215,"3,860,000","1,835",25,47,Saskatchewan
12903,2020-06-07,47725,Saskatoon,URBAN,CMA,"2,555","66,522,000","29,798",325,47,Saskatchewan
12904,2020-06-07,47735,North Battleford,URBAN,CA,135,"2,486,000","1,126",20,47,Saskatchewan
12905,2020-06-07,47745,Prince Albert,URBAN,CA,275,"7,369,000","3,294",45,47,Saskatchewan
12906,2020-06-07,47750,Estevan,URBAN,CA,210,"6,714,000","2,440",20,47,Saskatchewan
12907,2020-06-07,47840,Lloydminster (Saskatchewan part),URBAN,CA,175,"3,085,000","1,167",5,47,Saskatchewan
13168,2020-06-07,48805,Medicine Hat,URBAN,CA,855,"18,657,000","8,472",90,48,Alberta
13169,2020-06-07,48806,Brooks,URBAN,CA,245,"5,127,000","2,029",25,48,Alberta
13170,2020-06-07,48810,Lethbridge,URBAN,CMA,"1,050","25,020,000","11,234",85,48,Alberta
13171,2020-06-07,48825,Calgary,URBAN,CMA,"15,130","552,455,000","254,725","1,885",48,Alberta
13172,2020-06-07,48831,Sylvan Lake,URBAN,CA,140,"1,958,000",919,10,48,Alberta
13173,2020-06-07,48835,Edmonton,URBAN,CMA,"13,595","418,355,000","198,923","1,600",48,Alberta
13174,2020-06-07,48860,Wood Buffalo,URBAN,CA,615,"60,792,000","20,523",95,48,Alberta
13520,2020-06-07,59905,Cranbrook,URBAN,CA,245,"6,189,000","2,625",20,59,British Columbia
13521,2020-06-07,59907,Nelson,URBAN,CA,190,"2,967,000","1,411",20,59,British Columbia
13522,2020-06-07,59913,Penticton,URBAN,CA,385,"9,189,000","4,292",55,59,British Columbia
13523,2020-06-07,59915,Kelowna,URBAN,CMA,"1,935","46,620,000","21,565",200,59,British Columbia
13524,2020-06-07,59918,Vernon,URBAN,CA,565,"10,222,000","4,897",60,59,British Columbia
13525,2020-06-07,59920,Salmon Arm,URBAN,CA,150,"3,779,000","1,543",15,59,British Columbia
13526,2020-06-07,59925,Kamloops,URBAN,CA,920,"23,933,000","10,433",130,59,British Columbia
13527,2020-06-07,59930,Chilliwack,URBAN,CA,555,"11,212,000","5,567",80,59,British Columbia
13528,2020-06-07,59932,Abbotsford - Mission,URBAN,CMA,"1,380","29,446,000","13,672",170,59,British Columbia
13529,2020-06-07,59933,Vancouver,URBAN,CMA,"25,955","640,325,000","285,944","3,725",59,British Columbia
13530,2020-06-07,59934,Squamish,URBAN,CA,240,"4,518,000","1,991",25,59,British Columbia
13531,2020-06-07,59935,Victoria,URBAN,CMA,"3,275","67,996,000","32,428",360,59,British Columbia
13532,2020-06-07,59937,Duncan,URBAN,CA,380,"8,819,000","3,928",40,59,British Columbia
13533,2020-06-07,59938,Nanaimo,URBAN,CA,985,"20,467,000","9,351",110,59,British Columbia
13534,2020-06-07,59939,Parksville,URBAN,CA,200,"3,264,000","1,761",15,59,British Columbia
13535,2020-06-07,59940,Port Alberni,URBAN,CA,130,"3,511,000","1,467",10,59,British Columbia
13536,2020-06-07,59943,Courtenay,URBAN,CA,460,"7,310,000","3,855",50,59,British Columbia
13537,2020-06-07,59944,Campbell River,URBAN,CA,345,"9,794,000","3,961",35,59,British Columbia
13538,2020-06-07,59945,Powell River,URBAN,CA,95,"1,918,000",878,10,59,British Columbia
13539,2020-06-07,59950,Williams Lake,URBAN,CA,155,"2,907,000","1,260",30,59,British Columbia
13540,2020-06-07,59952,Quesnel,URBAN,CA,150,"3,683,000","1,600",25,59,British Columbia
13541,2020-06-07,59955,Prince Rupert,URBAN,CA,85,"1,341,000",634,5,59,British Columbia
13542,2020-06-07,59965,Terrace,URBAN,CA,135,"3,014,000","1,289",15,59,British Columbia
13543,2020-06-07,59970,Prince George,URBAN,CA,695,"22,520,000","8,922",80,59,British Columbia
13544,2020-06-07,59977,Fort St. John,URBAN,CA,445,"13,526,000","5,031",50,59,British Columbia
13548,2020-06-07,60000,Yukon - rural part excluding undetermined CSDs,RURAL,Not applicable,55,"876,000",406,5,60,Yukon
13562,2020-06-07,60990,Whitehorse,URBAN,CA,290,"6,286,000","2,977",30,60,Yukon
13566,2020-06-07,61000,Northwest Territories - rural part excluding undetermined CSDs,RURAL,Not applicable,100,,,5,61,Northwest Territories
13588,2020-06-07,62000,Nunavut - rural part excluding undetermined CSDs,RURAL,Not applicable,95,"4,798,000","1,792",10,62,Nunavut
13609,2020-06-07,TOTAL,Canada,Not applicable,Not applicable,"291,545","8,695,346,000","3,836,158","36,460",TO,
13616,2020-07-05,10001,St. John's,URBAN,CMA,"1,975","46,505,000","26,496",145,10,Newfoundland and Labrador
13617,2020-07-05,10005,Bay Roberts,URBAN,CA,70,"869,000",587,5,10,Newfoundland and Labrador
13618,2020-07-05,10011,Gander,URBAN,CA,150,"3,456,000","1,754",10,10,Newfoundland and Labrador
13670,2020-07-05,10015,Corner Brook,URBAN,CA,300,"6,208,000","3,671",20,10,Newfoundland and Labrador
13932,2020-07-05,11105,Charlottetown,URBAN,CA,800,"14,019,000","9,444",60,11,Prince Edward Island
13933,2020-07-05,11110,Summerside,URBAN,CA,150,"3,674,000","2,252",15,11,Prince Edward Island
14017,2020-07-05,12205,Halifax,URBAN,CMA,"3,455","83,684,000","52,302",255,12,Nova Scotia
14018,2020-07-05,12210,Kentville,URBAN,CA,225,"3,053,000","2,383",15,12,Nova Scotia
14019,2020-07-05,12215,Truro,URBAN,CA,305,"4,653,000","3,399",25,12,Nova Scotia
14020,2020-07-05,12220,New Glasgow,URBAN,CA,220,"3,649,000","2,387",25,12,Nova Scotia
14021,2020-07-05,12225,Cape Breton,URBAN,CA,665,"9,928,000","7,023",60,12,Nova Scotia
14264,2020-07-05,13305,Moncton,URBAN,CMA,"1,300","26,819,000","18,058",95,13,New Brunswick
14265,2020-07-05,13310,Saint John,URBAN,CMA,965,"30,858,000","15,878",50,13,New Brunswick
14266,2020-07-05,13320,Fredericton,URBAN,CA,790,"12,926,000","9,511",50,13,New Brunswick
14267,2020-07-05,13328,Bathurst,URBAN,CA,260,"3,007,000","2,439",15,13,New Brunswick
14268,2020-07-05,13329,Miramichi,URBAN,CA,200,"3,282,000","2,358",10,13,New Brunswick
14269,2020-07-05,13330,Campbellton (New Brunswick part),URBAN,CA,155,"3,652,000","1,922",10,13,New Brunswick
14270,2020-07-05,13335,Edmundston,URBAN,CA,220,"3,360,000","2,713",15,13,New Brunswick
14595,2020-07-05,24330,Campbellton (Quebec part),URBAN,CA,5,,,0,24,Quebec
14690,2020-07-05,24403,Matane,URBAN,CA,90,"2,761,000","1,461",5,24,Quebec
14691,2020-07-05,24404,Rimouski,URBAN,CA,480,"7,658,000","5,829",20,24,Quebec
14692,2020-07-05,24405,Rivière-du-Loup,URBAN,CA,360,"7,510,000","5,261",20,24,Quebec
14693,2020-07-05,24406,Baie-Comeau,URBAN,CA,195,"3,657,000","2,559",20,24,Quebec
14694,2020-07-05,24408,Saguenay,URBAN,CMA,"1,380","30,943,000","19,827",105,24,Quebec
14695,2020-07-05,24410,Alma,URBAN,CA,285,"5,927,000","4,185",20,24,Quebec
14706,2020-07-05,24411,Dolbeau-Mistassini,URBAN,CA,115,"2,527,000","1,841",10,24,Quebec
14708,2020-07-05,24412,Sept-Îles,URBAN,CA,210,"3,629,000","2,176",30,24,Quebec
14724,2020-07-05,24421,Québec,URBAN,CMA,"6,830","170,824,000","111,977",420,24,Quebec
14727,2020-07-05,24430,Thetford Mines,URBAN,CA,245,"5,647,000","3,587",10,24,Quebec
14729,2020-07-05,24433,Sherbrooke,URBAN,CMA,"1,675","41,560,000","26,103",120,24,Quebec
14730,2020-07-05,24440,Victoriaville,URBAN,CA,530,"10,980,000","7,512",30,24,Quebec
14742,2020-07-05,24442,Trois-Rivières,URBAN,CMA,"1,305","33,949,000","20,742",85,24,Quebec
14743,2020-07-05,24444,Shawinigan,URBAN,CA,365,"8,057,000","5,199",30,24,Quebec
14744,2020-07-05,24447,Drummondville,URBAN,CA,850,"22,500,000","15,077",65,24,Quebec
14745,2020-07-05,24450,Granby,URBAN,CA,805,"20,729,000","12,889",55,24,Quebec
14762,2020-07-05,24452,Saint-Hyacinthe,URBAN,CA,535,"12,269,000","9,200",30,24,Quebec
14763,2020-07-05,24454,Sorel-Tracy,URBAN,CA,235,"7,071,000","3,458",15,24,Quebec
14764,2020-07-05,24456,Joliette,URBAN,CA,515,"10,563,000","6,837",30,24,Quebec
14786,2020-07-05,24462,Montréal,URBAN,CMA,"35,220","987,254,000","565,110","3,150",24,Quebec
14795,2020-07-05,24480,Val-d'Or,URBAN,CA,325,"10,192,000","5,954",30,24,Quebec
14836,2020-07-05,24505,Ottawa - Gatineau (Quebec part),URBAN,CMA,"1,540","25,210,000","41,016",140,24,Quebec
15681,2020-07-05,35501,Cornwall,URBAN,CA,370,"7,203,000","5,955",25,35,Ontario
15682,2020-07-05,35505,Ottawa - Gatineau (Ontario part),URBAN,CMA,"8,155","197,127,000","117,517",835,35,Ontario
15683,2020-07-05,35507,Arnprior,URBAN,CA,100,"2,395,000","1,264",10,35,Ontario
15684,2020-07-05,35509,Carleton Place,URBAN,CA,170,"2,210,000","1,628",20,35,Ontario
15693,2020-07-05,35512,Brockville,URBAN,CA,285,"4,593,000","3,716",25,35,Ontario
15694,2020-07-05,35515,Pembroke,URBAN,CA,210,"3,279,000","2,543",10,35,Ontario
15705,2020-07-05,35521,Kingston,URBAN,CMA,"1,300","25,556,000","17,195",105,35,Ontario
15706,2020-07-05,35522,Belleville,URBAN,CMA,810,"16,549,000","11,100",80,35,Ontario
15707,2020-07-05,35529,Peterborough,URBAN,CMA,965,"17,984,000","12,318",75,35,Ontario
15709,2020-07-05,35532,Oshawa,URBAN,CMA,"2,125","42,771,000","28,365",225,35,Ontario
15710,2020-07-05,35535,Toronto,URBAN,CMA,"54,825","1,562,635,000","867,553","5,960",35,Ontario
15711,2020-07-05,35537,Hamilton,URBAN,CMA,"5,940","163,909,000","92,111",565,35,Ontario
15712,2020-07-05,35539,St. Catharines - Niagara,URBAN,CMA,"3,445","77,835,000","50,196",305,35,Ontario
15728,2020-07-05,35541,Kitchener - Cambridge - Waterloo,URBAN,CMA,"4,315","122,535,000","70,652",345,35,Ontario
15729,2020-07-05,35543,Brantford,URBAN,CMA,960,"26,869,000","14,847",85,35,Ontario
15730,2020-07-05,35550,Guelph,URBAN,CMA,"1,345","57,599,000","27,882",120,35,Ontario
15731,2020-07-05,35555,London,URBAN,CMA,"3,670","90,685,000","56,738",295,35,Ontario
15732,2020-07-05,35556,Chatham-Kent,URBAN,CA,535,"13,041,000","8,208",45,35,Ontario
15733,2020-07-05,35557,Leamington,URBAN,CA,270,"5,604,000","3,706",25,35,Ontario
15734,2020-07-05,35559,Windsor,URBAN,CMA,"2,280","98,929,000","50,547",225,35,Ontario
15748,2020-07-05,35562,Sarnia,URBAN,CA,670,"30,596,000","13,525",50,35,Ontario
15749,2020-07-05,35566,Owen Sound,URBAN,CA,265,"4,756,000","3,609",20,35,Ontario
15750,2020-07-05,35568,Barrie,URBAN,CMA,"1,600","31,292,000","20,843",135,35,Ontario
15770,2020-07-05,35571,Midland,URBAN,CA,205,"5,105,000","2,740",10,35,Ontario
15771,2020-07-05,35575,North Bay,URBAN,CA,540,"14,962,000","7,702",45,35,Ontario
15772,2020-07-05,35580,Greater Sudbury,URBAN,CMA,"1,075","26,297,000","16,664",90,35,Ontario
15788,2020-07-05,35590,Sault Ste. Marie,URBAN,CA,550,"21,592,000","10,301",35,35,Ontario
15800,2020-07-05,35595,Thunder Bay,URBAN,CMA,930,"24,745,000","14,273",60,35,Ontario
15947,2020-07-05,46602,Winnipeg,URBAN,CMA,"5,415","140,208,000","90,890",475,46,Manitoba
15948,2020-07-05,46603,Winkler,URBAN,CA,190,"6,006,000","4,050",5,46,Manitoba
15949,2020-07-05,46610,Brandon,URBAN,CA,415,"6,324,000","5,054",30,46,Manitoba
16296,2020-07-05,47705,Regina,URBAN,CMA,"1,900","38,515,000","25,029",155,47,Saskatchewan
16297,2020-07-05,47710,Yorkton,URBAN,CA,145,"3,095,000","1,770",5,47,Saskatchewan
16298,2020-07-05,47715,Moose Jaw,URBAN,CA,240,"4,163,000","2,793",20,47,Saskatchewan
16299,2020-07-05,47720,Swift Current,URBAN,CA,220,"3,655,000","2,268",15,47,Saskatchewan
16300,2020-07-05,47725,Saskatoon,URBAN,CMA,"2,555","56,052,000","34,477",240,47,Saskatchewan
16301,2020-07-05,47735,North Battleford,URBAN,CA,130,"2,290,000","1,194",5,47,Saskatchewan
16302,2020-07-05,47745,Prince Albert,URBAN,CA,250,"7,003,000","3,839",20,47,Saskatchewan
16303,2020-07-05,47750,Estevan,URBAN,CA,215,"5,806,000","2,573",20,47,Saskatchewan
16304,2020-07-05,47840,Lloydminster (Saskatchewan part),URBAN,CA,185,"2,946,000","1,497",25,47,Saskatchewan
16564,2020-07-05,48805,Medicine Hat,URBAN,CA,850,"15,268,000","9,215",65,48,Alberta
16565,2020-07-05,48806,Brooks,URBAN,CA,225,"4,663,000","2,101",10,48,Alberta
16566,2020-07-05,48810,Lethbridge,URBAN,CMA,"1,045","21,175,000","13,390",75,48,Alberta
16567,2020-07-05,48825,Calgary,URBAN,CMA,"14,940","503,931,000","243,754","1,385",48,Alberta
16568,2020-07-05,48831,Sylvan Lake,URBAN,CA,140,"1,981,000","1,081",5,48,Alberta
16569,2020-07-05,48835,Edmonton,URBAN,CMA,"13,470","373,698,000","194,642","1,225",48,Alberta
16570,2020-07-05,48860,Wood Buffalo,URBAN,CA,585,"55,293,000","21,418",75,48,Alberta
16916,2020-07-05,59905,Cranbrook,URBAN,CA,260,"5,819,000","2,918",20,59,British Columbia
16917,2020-07-05,59907,Nelson,URBAN,CA,170,"2,363,000","1,448",10,59,British Columbia
16918,2020-07-05,59913,Penticton,URBAN,CA,360,"7,689,000","4,843",30,59,British Columbia
16919,2020-07-05,59915,Kelowna,URBAN,CMA,"1,870","42,210,000","24,645",125,59,British Columbia
16920,2020-07-05,59918,Vernon,URBAN,CA,555,"8,444,000","5,982",35,59,British Columbia
16921,2020-07-05,59920,Salmon Arm,URBAN,CA,155,"2,742,000","1,603",5,59,British Columbia
16922,2020-07-05,59925,Kamloops,URBAN,CA,870,"19,669,000","11,552",85,59,British Columbia
16923,2020-07-05,59930,Chilliwack,URBAN,CA,555,"9,152,000","6,381",65,59,British Columbia
16924,2020-07-05,59932,Abbotsford - Mission,URBAN,CMA,"1,345","25,363,000","17,257",125,59,British Columbia
16925,2020-07-05,59933,Vancouver,URBAN,CMA,"25,430","590,634,000","333,974","2,665",59,British Columbia
16926,2020-07-05,59934,Squamish,URBAN,CA,225,"4,394,000","2,354",20,59,British Columbia
16927,2020-07-05,59935,Victoria,URBAN,CMA,"3,225","60,466,000","37,462",255,59,British Columbia
16928,2020-07-05,59937,Duncan,URBAN,CA,365,"6,727,000","3,885",30,59,British Columbia
16929,2020-07-05,59938,Nanaimo,URBAN,CA,990,"16,094,000","10,558",75,59,British Columbia
16930,2020-07-05,59939,Parksville,URBAN,CA,200,"3,050,000","2,113",10,59,British Columbia
16931,2020-07-05,59940,Port Alberni,URBAN,CA,130,"3,330,000","1,625",5,59,British Columbia
16932,2020-07-05,59943,Courtenay,URBAN,CA,430,"6,143,000","4,050",45,59,British Columbia
16933,2020-07-05,59944,Campbell River,URBAN,CA,325,"8,126,000","4,319",25,59,British Columbia
16934,2020-07-05,59945,Powell River,URBAN,CA,85,"1,584,000",847,5,59,British Columbia
16935,2020-07-05,59950,Williams Lake,URBAN,CA,135,"2,280,000","1,215",15,59,British Columbia
16936,2020-07-05,59952,Quesnel,URBAN,CA,135,"2,466,000","1,454",15,59,British Columbia
16937,2020-07-05,59955,Prince Rupert,URBAN,CA,85,"1,178,000",716,5,59,British Columbia
16938,2020-07-05,59965,Terrace,URBAN,CA,130,"2,167,000","1,168",15,59,British Columbia
16939,2020-07-05,59970,Prince George,URBAN,CA,700,"15,289,000","8,801",60,59,British Columbia
16940,2020-07-05,59977,Fort St. John,URBAN,CA,425,"11,576,000","5,508",40,59,British Columbia
16944,2020-07-05,60000,Yukon - rural part excluding undetermined CSDs,RURAL,Not applicable,60,"937,000",437,5,60,Yukon
16958,2020-07-05,60990,Whitehorse,URBAN,CA,300,"6,287,000","3,493",20,60,Yukon
16962,2020-07-05,61000,Northwest Territories - rural part excluding undetermined CSDs,RURAL,Not applicable,90,,,0,61,Northwest Territories
16984,2020-07-05,62000,Nunavut - rural part excluding undetermined CSDs,RURAL,Not applicable,110,"3,847,000","2,431",0,62,Nunavut
17007,2020-07-05,TOTAL,Canada,Not applicable,Not applicable,"288,945","7,495,102,000","4,322,785","25,855",TO,
17014,2020-08-02,10001,St. John's,URBAN,CMA,"1,885","42,802,000","26,298",90,10,Newfoundland and Labrador
17015,2020-08-02,10005,Bay Roberts,URBAN,CA,65,"719,000",518,5,10,Newfoundland and Labrador
17016,2020-08-02,10011,Gander,URBAN,CA,150,"3,377,000","1,749",5,10,Newfoundland and Labrador
17070,2020-08-02,10015,Corner Brook,URBAN,CA,290,"5,172,000","3,653",15,10,Newfoundland and Labrador
17330,2020-08-02,11105,Charlottetown,URBAN,CA,750,"12,625,000","8,974",55,11,Prince Edward Island
17331,2020-08-02,11110,Summerside,URBAN,CA,140,"3,199,000","2,195",10,11,Prince Edward Island
17415,2020-08-02,12205,Halifax,URBAN,CMA,"3,260","73,149,000","49,860",205,12,Nova Scotia
17416,2020-08-02,12210,Kentville,URBAN,CA,210,"2,443,000","2,162",15,12,Nova Scotia
17417,2020-08-02,12215,Truro,URBAN,CA,285,"4,185,000","3,334",20,12,Nova Scotia
17418,2020-08-02,12220,New Glasgow,URBAN,CA,215,"3,390,000","2,340",25,12,Nova Scotia
17419,2020-08-02,12225,Cape Breton,URBAN,CA,525,"8,093,000","6,106",30,12,Nova Scotia
17664,2020-08-02,13305,Moncton,URBAN,CMA,"1,240","25,089,000","17,838",80,13,New Brunswick
17665,2020-08-02,13310,Saint John,URBAN,CMA,915,"27,235,000","14,996",40,13,New Brunswick
17666,2020-08-02,13320,Fredericton,URBAN,CA,740,"10,845,000","8,623",40,13,New Brunswick
17667,2020-08-02,13328,Bathurst,URBAN,CA,235,"2,832,000","2,418",15,13,New Brunswick
17668,2020-08-02,13329,Miramichi,URBAN,CA,185,"3,024,000","2,320",15,13,New Brunswick
17669,2020-08-02,13330,Campbellton (New Brunswick part),URBAN,CA,140,"2,567,000","1,527",10,13,New Brunswick
17670,2020-08-02,13335,Edmundston,URBAN,CA,205,"3,248,000","2,635",15,13,New Brunswick
17994,2020-08-02,24330,Campbellton (Quebec part),URBAN,CA,5,,52,0,24,Quebec
18090,2020-08-02,24403,Matane,URBAN,CA,90,"2,118,000","1,323",5,24,Quebec
18091,2020-08-02,24404,Rimouski,URBAN,CA,450,"7,211,000","5,525",15,24,Quebec
18092,2020-08-02,24405,Rivière-du-Loup,URBAN,CA,350,"7,290,000","5,635",15,24,Quebec
18093,2020-08-02,24406,Baie-Comeau,URBAN,CA,180,"3,265,000","2,607",15,24,Quebec
18094,2020-08-02,24408,Saguenay,URBAN,CMA,"1,295","27,950,000","18,744",80,24,Quebec
18095,2020-08-02,24410,Alma,URBAN,CA,260,"5,903,000","3,975",20,24,Quebec
18106,2020-08-02,24411,Dolbeau-Mistassini,URBAN,CA,105,"2,696,000","1,851",5,24,Quebec
18108,2020-08-02,24412,Sept-Îles,URBAN,CA,180,"2,763,000","1,906",15,24,Quebec
18124,2020-08-02,24421,Québec,URBAN,CMA,"6,455","162,472,000","110,719",375,24,Quebec
18127,2020-08-02,24430,Thetford Mines,URBAN,CA,210,"4,948,000","3,027",15,24,Quebec
18129,2020-08-02,24433,Sherbrooke,URBAN,CMA,"1,550","38,517,000","25,008",90,24,Quebec
18130,2020-08-02,24440,Victoriaville,URBAN,CA,505,"10,577,000","7,502",25,24,Quebec
18142,2020-08-02,24442,Trois-Rivières,URBAN,CMA,"1,230","31,059,000","20,049",70,24,Quebec
18143,2020-08-02,24444,Shawinigan,URBAN,CA,345,"7,719,000","5,306",20,24,Quebec
18144,2020-08-02,24447,Drummondville,URBAN,CA,800,"20,673,000","14,805",65,24,Quebec
18145,2020-08-02,24450,Granby,URBAN,CA,760,"18,578,000","13,137",40,24,Quebec
18162,2020-08-02,24452,Saint-Hyacinthe,URBAN,CA,525,"12,234,000","9,154",20,24,Quebec
18163,2020-08-02,24454,Sorel-Tracy,URBAN,CA,225,"7,552,000","3,485",20,24,Quebec
18164,2020-08-02,24456,Joliette,URBAN,CA,475,"9,006,000","6,459",25,24,Quebec
18186,2020-08-02,24462,Montréal,URBAN,CMA,"33,195","927,455,000","557,149","2,380",24,Quebec
18194,2020-08-02,24480,Val-d'Or,URBAN,CA,295,"8,281,000","5,557",25,24,Quebec
18235,2020-08-02,24505,Ottawa - Gatineau (Quebec part),URBAN,CMA,"1,455","24,037,000","17,539",115,24,Quebec
19058,2020-08-02,35501,Cornwall,URBAN,CA,335,"6,553,000","5,851",25,35,Ontario
19059,2020-08-02,35505,Ottawa - Gatineau (Ontario part),URBAN,CMA,"7,680","178,316,000","115,227",625,35,Ontario
19060,2020-08-02,35507,Arnprior,URBAN,CA,90,"2,030,000","1,341",10,35,Ontario
19061,2020-08-02,35509,Carleton Place,URBAN,CA,160,"1,992,000","1,438",15,35,Ontario
19071,2020-08-02,35512,Brockville,URBAN,CA,280,"4,303,000","3,701",25,35,Ontario
19072,2020-08-02,35515,Pembroke,URBAN,CA,190,"3,041,000","2,427",5,35,Ontario
19083,2020-08-02,35521,Kingston,URBAN,CMA,"1,205","23,941,000","16,531",70,35,Ontario
19084,2020-08-02,35522,Belleville,URBAN,CMA,735,"12,231,000","9,713",65,35,Ontario
19085,2020-08-02,35529,Peterborough,URBAN,CMA,910,"16,390,000","12,411",65,35,Ontario
19087,2020-08-02,35532,Oshawa,URBAN,CMA,"1,970","34,158,000","27,287",180,35,Ontario
19088,2020-08-02,35535,Toronto,URBAN,CMA,"52,205","1,394,233,000","839,042","4,670",35,Ontario
19089,2020-08-02,35537,Hamilton,URBAN,CMA,"5,640","147,423,000","92,640",400,35,Ontario
19090,2020-08-02,35539,St. Catharines - Niagara,URBAN,CMA,"3,235","72,144,000","49,839",265,35,Ontario
19102,2020-08-02,35541,Kitchener - Cambridge - Waterloo,URBAN,CMA,"4,110","109,485,000","70,103",270,35,Ontario
19103,2020-08-02,35543,Brantford,URBAN,CMA,900,"24,371,000","14,153",60,35,Ontario
19104,2020-08-02,35550,Guelph,URBAN,CMA,"1,305","38,110,000","25,305",75,35,Ontario
19105,2020-08-02,35555,London,URBAN,CMA,"3,515","80,306,000","56,651",215,35,Ontario
19106,2020-08-02,35556,Chatham-Kent,URBAN,CA,500,"11,414,000","7,997",30,35,Ontario
19107,2020-08-02,35557,Leamington,URBAN,CA,265,"5,776,000","3,841",20,35,Ontario
19108,2020-08-02,35559,Windsor,URBAN,CMA,"2,150","66,402,000","46,619",185,35,Ontario
19122,2020-08-02,35562,Sarnia,URBAN,CA,630,"28,025,000","12,985",35,35,Ontario
19123,2020-08-02,35566,Owen Sound,URBAN,CA,255,"4,670,000","3,750",20,35,Ontario
19124,2020-08-02,35568,Barrie,URBAN,CMA,"1,505","27,586,000","20,041",110,35,Ontario
19145,2020-08-02,35571,Midland,URBAN,CA,180,"3,502,000","2,209",10,35,Ontario
19146,2020-08-02,35575,North Bay,URBAN,CA,505,"12,256,000","8,140",35,35,Ontario
19147,2020-08-02,35580,Greater Sudbury,URBAN,CMA,"1,015","23,365,000","16,170",85,35,Ontario
19162,2020-08-02,35590,Sault Ste. Marie,URBAN,CA,505,"20,521,000","9,973",15,35,Ontario
19174,2020-08-02,35595,Thunder Bay,URBAN,CMA,865,"21,648,000","13,468",40,35,Ontario
19315,2020-08-02,46602,Winnipeg,URBAN,CMA,"5,190","117,100,000","82,688",330,46,Manitoba
19316,2020-08-02,46603,Winkler,URBAN,CA,170,"5,158,000","3,807",5,46,Manitoba
19317,2020-08-02,46610,Brandon,URBAN,CA,415,"6,107,000","5,106",30,46,Manitoba
19651,2020-08-02,47705,Regina,URBAN,CMA,"1,835","34,449,000","25,221",115,47,Saskatchewan
19652,2020-08-02,47710,Yorkton,URBAN,CA,135,"2,494,000","1,576",5,47,Saskatchewan
19653,2020-08-02,47715,Moose Jaw,URBAN,CA,235,"3,833,000","2,781",15,47,Saskatchewan
19654,2020-08-02,47720,Swift Current,URBAN,CA,215,"3,457,000","2,142",10,47,Saskatchewan
19655,2020-08-02,47725,Saskatoon,URBAN,CMA,"2,435","49,949,000","32,876",185,47,Saskatchewan
19656,2020-08-02,47735,North Battleford,URBAN,CA,120,"2,073,000","1,274",10,47,Saskatchewan
19657,2020-08-02,47745,Prince Albert,URBAN,CA,230,"6,565,000","3,547",15,47,Saskatchewan
19658,2020-08-02,47750,Estevan,URBAN,CA,210,"5,404,000","2,641",10,47,Saskatchewan
19659,2020-08-02,47840,Lloydminster (Saskatchewan part),URBAN,CA,175,"2,838,000","1,512",5,47,Saskatchewan
19918,2020-08-02,48805,Medicine Hat,URBAN,CA,795,"13,579,000","8,967",45,48,Alberta
19919,2020-08-02,48806,Brooks,URBAN,CA,210,"4,589,000","2,123",10,48,Alberta
19920,2020-08-02,48810,Lethbridge,URBAN,CMA,990,"18,670,000","12,723",60,48,Alberta
19921,2020-08-02,48825,Calgary,URBAN,CMA,"14,190","436,085,000","229,901",985,48,Alberta
19922,2020-08-02,48831,Sylvan Lake,URBAN,CA,140,"2,162,000","1,240",5,48,Alberta
19923,2020-08-02,48835,Edmonton,URBAN,CMA,"13,020","340,400,000","192,297",930,48,Alberta
19924,2020-08-02,48860,Wood Buffalo,URBAN,CA,555,"45,014,000","19,327",50,48,Alberta
20264,2020-08-02,59905,Cranbrook,URBAN,CA,245,"5,148,000","2,893",15,59,British Columbia
20265,2020-08-02,59907,Nelson,URBAN,CA,145,"1,754,000","1,278",5,59,British Columbia
20266,2020-08-02,59913,Penticton,URBAN,CA,310,"6,455,000","4,410",25,59,British Columbia
20267,2020-08-02,59915,Kelowna,URBAN,CMA,"1,760","36,815,000","23,185",75,59,British Columbia
20268,2020-08-02,59918,Vernon,URBAN,CA,525,"7,135,000","5,617",25,59,British Columbia
20269,2020-08-02,59920,Salmon Arm,URBAN,CA,145,"2,616,000","1,561",5,59,British Columbia
20270,2020-08-02,59925,Kamloops,URBAN,CA,825,"17,419,000","11,271",65,59,British Columbia
20271,2020-08-02,59930,Chilliwack,URBAN,CA,515,"8,248,000","5,933",45,59,British Columbia
20272,2020-08-02,59932,Abbotsford - Mission,URBAN,CMA,"1,245","23,167,000","15,909",85,59,British Columbia
20273,2020-08-02,59933,Vancouver,URBAN,CMA,"23,845","537,013,000","319,892","1,985",59,British Columbia
20274,2020-08-02,59934,Squamish,URBAN,CA,215,"3,758,000","2,370",15,59,British Columbia
20275,2020-08-02,59935,Victoria,URBAN,CMA,"3,015","55,889,000","36,324",150,59,British Columbia
20276,2020-08-02,59937,Duncan,URBAN,CA,355,"5,380,000","3,927",20,59,British Columbia
20277,2020-08-02,59938,Nanaimo,URBAN,CA,900,"14,074,000","9,773",50,59,British Columbia
20278,2020-08-02,59939,Parksville,URBAN,CA,185,"2,413,000","2,134",10,59,British Columbia
20279,2020-08-02,59940,Port Alberni,URBAN,CA,120,"2,626,000","1,528",5,59,British Columbia
20280,2020-08-02,59943,Courtenay,URBAN,CA,405,"5,187,000","3,905",20,59,British Columbia
20281,2020-08-02,59944,Campbell River,URBAN,CA,280,"5,210,000","3,482",15,59,British Columbia
20282,2020-08-02,59945,Powell River,URBAN,CA,80,"1,032,000",799,5,59,British Columbia
20283,2020-08-02,59950,Williams Lake,URBAN,CA,125,"2,166,000","1,186",10,59,British Columbia
20284,2020-08-02,59952,Quesnel,URBAN,CA,130,"2,130,000","1,444",10,59,British Columbia
20285,2020-08-02,59955,Prince Rupert,URBAN,CA,80,"1,024,000",745,0,59,British Columbia
20286,2020-08-02,59965,Terrace,URBAN,CA,130,"1,578,000","1,165",15,59,British Columbia
20287,2020-08-02,59970,Prince George,URBAN,CA,630,"12,282,000","7,919",35,59,British Columbia
20288,2020-08-02,59977,Fort St. John,URBAN,CA,405,"10,425,000","5,519",30,59,British Columbia
20292,2020-08-02,60000,Yukon - rural part excluding undetermined CSDs,RURAL,Not applicable,55,"719,000",360,0,60,Yukon
20306,2020-08-02,60990,Whitehorse,URBAN,CA,285,"5,810,000","3,325",20,60,Yukon
20310,2020-08-02,61000,Northwest Territories - rural part excluding undetermined CSDs,RURAL,Not applicable,90,,,0,61,Northwest Territories
20333,2020-08-02,62000,Nunavut - rural part excluding undetermined CSDs,RURAL,Not applicable,110,"3,958,000","2,475",0,62,Nunavut
20356,2020-08-02,TOTAL,Canada,Not applicable,Not applicable,"272,555","6,724,693,000","4,163,167","19,510",TO,
20363,2020-08-30,10001,St. John's,URBAN,CMA,"1,670","24,416,000","23,806",80,10,Newfoundland and Labrador
20364,2020-08-30,10005,Bay Roberts,URBAN,CA,60,"386,000",479,5,10,Newfoundland and Labrador
20365,2020-08-30,10011,Gander,URBAN,CA,140,"2,254,000","1,652",10,10,Newfoundland and Labrador
20415,2020-08-30,10015,Corner Brook,URBAN,CA,265,"3,080,000","3,216",20,10,Newfoundland and Labrador
20668,2020-08-30,11105,Charlottetown,URBAN,CA,645,"6,909,000","8,052",40,11,Prince Edward Island
20669,2020-08-30,11110,Summerside,URBAN,CA,130,"1,966,000","2,016",15,11,Prince Edward Island
20753,2020-08-30,12205,Halifax,URBAN,CMA,"2,910","43,852,000","46,947",175,12,Nova Scotia
20754,2020-08-30,12210,Kentville,URBAN,CA,175,"1,184,000","1,866",10,12,Nova Scotia
20755,2020-08-30,12215,Truro,URBAN,CA,260,"2,336,000","3,042",20,12,Nova Scotia
20756,2020-08-30,12220,New Glasgow,URBAN,CA,200,"1,767,000","2,142",30,12,Nova Scotia
20757,2020-08-30,12225,Cape Breton,URBAN,CA,470,"4,656,000","5,616",30,12,Nova Scotia
20998,2020-08-30,13305,Moncton,URBAN,CMA,"1,105","13,796,000","14,969",60,13,New Brunswick
20999,2020-08-30,13310,Saint John,URBAN,CMA,805,"14,757,000","13,715",30,13,New Brunswick
21000,2020-08-30,13320,Fredericton,URBAN,CA,660,"6,479,000","8,266",35,13,New Brunswick
21001,2020-08-30,13328,Bathurst,URBAN,CA,200,"1,681,000","1,990",5,13,New Brunswick
21002,2020-08-30,13329,Miramichi,URBAN,CA,145,"1,300,000","1,691",10,13,New Brunswick
21003,2020-08-30,13330,Campbellton (New Brunswick part),URBAN,CA,130,"1,134,000","1,406",10,13,New Brunswick
21004,2020-08-30,13335,Edmundston,URBAN,CA,170,"1,630,000","2,254",10,13,New Brunswick
21316,2020-08-30,24330,Campbellton (Quebec part),URBAN,CA,5,,,0,24,Quebec
21407,2020-08-30,24403,Matane,URBAN,CA,75,"839,000","1,083",0,24,Quebec
21408,2020-08-30,24404,Rimouski,URBAN,CA,350,"2,975,000","4,474",10,24,Quebec
21409,2020-08-30,24405,Rivière-du-Loup,URBAN,CA,290,"3,738,000","5,233",10,24,Quebec
21410,2020-08-30,24406,Baie-Comeau,URBAN,CA,145,"1,611,000","2,069",10,24,Quebec
21411,2020-08-30,24408,Saguenay,URBAN,CMA,"1,080","13,965,000","15,603",65,24,Quebec
21412,2020-08-30,24410,Alma,URBAN,CA,230,"2,820,000","3,740",15,24,Quebec
21423,2020-08-30,24411,Dolbeau-Mistassini,URBAN,CA,90,"1,037,000","1,508",5,24,Quebec
21425,2020-08-30,24412,Sept-Îles,URBAN,CA,155,"1,470,000","1,663",15,24,Quebec
21441,2020-08-30,24421,Québec,URBAN,CMA,"5,540","83,806,000","94,055",295,24,Quebec
21443,2020-08-30,24430,Thetford Mines,URBAN,CA,170,"2,323,000","2,464",10,24,Quebec
21445,2020-08-30,24433,Sherbrooke,URBAN,CMA,"1,315","18,504,000","21,453",70,24,Quebec
21446,2020-08-30,24440,Victoriaville,URBAN,CA,430,"4,369,000","6,478",20,24,Quebec
21456,2020-08-30,24442,Trois-Rivières,URBAN,CMA,"1,045","15,802,000","18,050",70,24,Quebec
21457,2020-08-30,24444,Shawinigan,URBAN,CA,295,"3,133,000","4,189",20,24,Quebec
21458,2020-08-30,24447,Drummondville,URBAN,CA,655,"9,610,000","11,474",40,24,Quebec
21459,2020-08-30,24450,Granby,URBAN,CA,650,"9,895,000","11,078",35,24,Quebec
21476,2020-08-30,24452,Saint-Hyacinthe,URBAN,CA,420,"5,528,000","7,923",20,24,Quebec
21477,2020-08-30,24454,Sorel-Tracy,URBAN,CA,200,"4,536,000","3,462",15,24,Quebec
21478,2020-08-30,24456,Joliette,URBAN,CA,395,"4,986,000","5,494",20,24,Quebec
21500,2020-08-30,24462,Montréal,URBAN,CMA,"29,110","525,628,000","499,222","1,960",24,Quebec
21508,2020-08-30,24480,Val-d'Or,URBAN,CA,250,"4,717,000","5,073",15,24,Quebec
21549,2020-08-30,24505,Ottawa - Gatineau (Quebec part),URBAN,CMA,"1,290","13,715,000","16,228",85,24,Quebec
22358,2020-08-30,35501,Cornwall,URBAN,CA,290,"3,799,000","5,614",15,35,Ontario
22359,2020-08-30,35505,Ottawa - Gatineau (Ontario part),URBAN,CMA,"6,940","105,222,000","106,789",550,35,Ontario
22360,2020-08-30,35507,Arnprior,URBAN,CA,80,"1,195,000","1,014",10,35,Ontario
22361,2020-08-30,35509,Carleton Place,URBAN,CA,135,"1,098,000","2,157",5,35,Ontario
22370,2020-08-30,35512,Brockville,URBAN,CA,240,"2,525,000","3,442",15,35,Ontario
22371,2020-08-30,35515,Pembroke,URBAN,CA,160,"1,499,000","2,144",10,35,Ontario
22382,2020-08-30,35521,Kingston,URBAN,CMA,"1,090","13,941,000","15,797",65,35,Ontario
22383,2020-08-30,35522,Belleville,URBAN,CMA,665,"7,060,000","9,059",55,35,Ontario
22384,2020-08-30,35529,Peterborough,URBAN,CMA,770,"8,816,000","10,570",50,35,Ontario
22386,2020-08-30,35532,Oshawa,URBAN,CMA,"1,740","20,255,000","34,314",135,35,Ontario
22387,2020-08-30,35535,Toronto,URBAN,CMA,"46,890","831,597,000","784,999","3,795",35,Ontario
22388,2020-08-30,35537,Hamilton,URBAN,CMA,"5,040","80,218,000","83,862",335,35,Ontario
22389,2020-08-30,35539,St. Catharines - Niagara,URBAN,CMA,"2,945","42,171,000","45,314",215,35,Ontario
22401,2020-08-30,35541,Kitchener - Cambridge - Waterloo,URBAN,CMA,"3,670","61,972,000","63,686",205,35,Ontario
22402,2020-08-30,35543,Brantford,URBAN,CMA,815,"13,810,000","13,855",45,35,Ontario
22403,2020-08-30,35550,Guelph,URBAN,CMA,"1,160","23,315,000","23,651",70,35,Ontario
22404,2020-08-30,35555,London,URBAN,CMA,"3,065","46,065,000","53,069",180,35,Ontario
22405,2020-08-30,35556,Chatham-Kent,URBAN,CA,430,"5,994,000","7,075",30,35,Ontario
22406,2020-08-30,35557,Leamington,URBAN,CA,230,"2,903,000","3,305",15,35,Ontario
22407,2020-08-30,35559,Windsor,URBAN,CMA,"1,940","39,168,000","43,338",155,35,Ontario
22419,2020-08-30,35562,Sarnia,URBAN,CA,575,"15,146,000","12,817",30,35,Ontario
22420,2020-08-30,35566,Owen Sound,URBAN,CA,225,"2,393,000","3,289",20,35,Ontario
22421,2020-08-30,35568,Barrie,URBAN,CMA,"1,355","13,678,000","17,992",75,35,Ontario
22441,2020-08-30,35571,Midland,URBAN,CA,155,"1,654,000","2,002",10,35,Ontario
22442,2020-08-30,35575,North Bay,URBAN,CA,440,"5,523,000","7,195",20,35,Ontario
22443,2020-08-30,35580,Greater Sudbury,URBAN,CMA,880,"12,596,000","14,262",60,35,Ontario
22455,2020-08-30,35590,Sault Ste. Marie,URBAN,CA,440,"10,008,000","9,675",25,35,Ontario
22465,2020-08-30,35595,Thunder Bay,URBAN,CMA,735,"12,503,000","12,572",45,35,Ontario
22611,2020-08-30,46602,Winnipeg,URBAN,CMA,"4,615","65,312,000","73,830",290,46,Manitoba
22612,2020-08-30,46603,Winkler,URBAN,CA,150,"2,030,000","2,490",5,46,Manitoba
22613,2020-08-30,46610,Brandon,URBAN,CA,375,"3,495,000","4,453",15,46,Manitoba
22936,2020-08-30,47705,Regina,URBAN,CMA,"1,605","18,439,000","22,172",110,47,Saskatchewan
22937,2020-08-30,47710,Yorkton,URBAN,CA,125,"1,317,000","1,494",0,47,Saskatchewan
22938,2020-08-30,47715,Moose Jaw,URBAN,CA,200,"2,342,000","2,493",10,47,Saskatchewan
22939,2020-08-30,47720,Swift Current,URBAN,CA,185,"1,597,000","1,750",5,47,Saskatchewan
22940,2020-08-30,47725,Saskatoon,URBAN,CMA,"2,175","28,324,000","29,475",155,47,Saskatchewan
22941,2020-08-30,47735,North Battleford,URBAN,CA,110,"1,087,000","1,115",5,47,Saskatchewan
22942,2020-08-30,47745,Prince Albert,URBAN,CA,200,"3,309,000","3,149",20,47,Saskatchewan
22943,2020-08-30,47750,Estevan,URBAN,CA,200,"3,754,000","2,479",15,47,Saskatchewan
22944,2020-08-30,47840,Lloydminster (Saskatchewan part),URBAN,CA,165,"1,896,000","1,506",10,47,Saskatchewan
23200,2020-08-30,48805,Medicine Hat,URBAN,CA,675,"8,525,000","7,909",30,48,Alberta
23201,2020-08-30,48806,Brooks,URBAN,CA,190,"3,443,000","2,039",10,48,Alberta
23202,2020-08-30,48810,Lethbridge,URBAN,CMA,855,"9,815,000","11,161",40,48,Alberta
23203,2020-08-30,48825,Calgary,URBAN,CMA,"12,940","278,743,000","215,519",920,48,Alberta
23204,2020-08-30,48831,Sylvan Lake,URBAN,CA,125,"1,398,000","1,150",10,48,Alberta
23205,2020-08-30,48835,Edmonton,URBAN,CMA,"11,615","203,504,000","178,006",805,48,Alberta
23206,2020-08-30,48860,Wood Buffalo,URBAN,CA,505,"25,849,000","19,811",30,48,Alberta
23545,2020-08-30,59905,Cranbrook,URBAN,CA,220,"3,270,000","2,770",5,59,British Columbia
23546,2020-08-30,59907,Nelson,URBAN,CA,130,"857,000",983,5,59,British Columbia
23547,2020-08-30,59913,Penticton,URBAN,CA,280,"3,819,000","3,923",20,59,British Columbia
23548,2020-08-30,59915,Kelowna,URBAN,CMA,"1,545","20,513,000","20,825",80,59,British Columbia
23549,2020-08-30,59918,Vernon,URBAN,CA,450,"4,256,000","4,846",20,59,British Columbia
23550,2020-08-30,59920,Salmon Arm,URBAN,CA,135,"1,324,000","1,417",5,59,British Columbia
23551,2020-08-30,59925,Kamloops,URBAN,CA,715,"9,607,000","10,134",50,59,British Columbia
23552,2020-08-30,59930,Chilliwack,URBAN,CA,465,"4,872,000","5,576",35,59,British Columbia
23553,2020-08-30,59932,Abbotsford - Mission,URBAN,CMA,"1,070","12,188,000","13,434",75,59,British Columbia
23554,2020-08-30,59933,Vancouver,URBAN,CMA,"21,190","301,390,000","283,000","1,800",59,British Columbia
23555,2020-08-30,59934,Squamish,URBAN,CA,185,"2,024,000","1,943",15,59,British Columbia
23556,2020-08-30,59935,Victoria,URBAN,CMA,"2,620","32,204,000","32,447",135,59,British Columbia
23557,2020-08-30,59937,Duncan,URBAN,CA,320,"3,361,000","3,902",15,59,British Columbia
23558,2020-08-30,59938,Nanaimo,URBAN,CA,780,"5,924,000","8,200",55,59,British Columbia
23559,2020-08-30,59939,Parksville,URBAN,CA,160,"1,154,000","1,835",5,59,British Columbia
23560,2020-08-30,59940,Port Alberni,URBAN,CA,105,"1,713,000","1,459",5,59,British Columbia
23561,2020-08-30,59943,Courtenay,URBAN,CA,310,"2,553,000","3,087",10,59,British Columbia
23562,2020-08-30,59944,Campbell River,URBAN,CA,250,"2,804,000","3,181",15,59,British Columbia
23563,2020-08-30,59945,Powell River,URBAN,CA,75,"683,000",765,5,59,British Columbia
23564,2020-08-30,59950,Williams Lake,URBAN,CA,105,"1,382,000","1,665",5,59,British Columbia
23565,2020-08-30,59952,Quesnel,URBAN,CA,105,"1,476,000","1,385",5,59,British Columbia
23566,2020-08-30,59955,Prince Rupert,URBAN,CA,80,"592,000",722,0,59,British Columbia
23567,2020-08-30,59965,Terrace,URBAN,CA,115,"986,000","1,100",5,59,British Columbia
23568,2020-08-30,59970,Prince George,URBAN,CA,535,"6,289,000","6,797",25,59,British Columbia
23569,2020-08-30,59977,Fort St. John,URBAN,CA,355,"5,836,000","4,532",25,59,British Columbia
23573,2020-08-30,60000,Yukon - rural part excluding undetermined CSDs,RURAL,Not applicable,50,"460,000",342,0,60,Yukon
23587,2020-08-30,60990,Whitehorse,URBAN,CA,240,"3,507,000","2,975",20,60,Yukon
23591,2020-08-30,61000,Northwest Territories - rural part excluding undetermined CSDs,RURAL,Not applicable,75,,,0,61,Northwest Territories
23613,2020-08-30,62000,Nunavut - rural part excluding undetermined CSDs,RURAL,Not applicable,105,"2,105,000","1,962",0,62,Nunavut
23636,2020-08-30,TOTAL,Canada,Not applicable,Not applicable,"240,720","3,850,675,000","3,768,917","16,345",TO,
23643,2020-09-27,10001,St. John's,URBAN,CMA,"1,360","16,179,000","19,248",55,10,Newfoundland and Labrador
23644,2020-09-27,10005,Bay Roberts,URBAN,CA,50,"317,000",445,0,10,Newfoundland and Labrador
23645,2020-09-27,10011,Gander,URBAN,CA,115,"1,500,000","1,463",10,10,Newfoundland and Labrador
23694,2020-09-27,10015,Corner Brook,URBAN,CA,215,"1,709,000","2,321",15,10,Newfoundland and Labrador
23928,2020-09-27,11105,Charlottetown,URBAN,CA,485,"4,255,000","5,629",25,11,Prince Edward Island
23929,2020-09-27,11110,Summerside,URBAN,CA,100,"1,143,000","1,620",5,11,Prince Edward Island
24012,2020-09-27,12205,Halifax,URBAN,CMA,"2,465","28,263,000","36,962",130,12,Nova Scotia
24013,2020-09-27,12210,Kentville,URBAN,CA,150,"762,000","1,489",10,12,Nova Scotia
24014,2020-09-27,12215,Truro,URBAN,CA,200,"1,417,000","2,358",15,12,Nova Scotia
24015,2020-09-27,12220,New Glasgow,URBAN,CA,165,"1,121,000","1,756",10,12,Nova Scotia
24016,2020-09-27,12225,Cape Breton,URBAN,CA,380,"2,816,000","4,171",30,12,Nova Scotia
24240,2020-09-27,13305,Moncton,URBAN,CMA,925,"9,858,000","12,856",45,13,New Brunswick
24241,2020-09-27,13310,Saint John,URBAN,CMA,645,"9,327,000","10,981",15,13,New Brunswick
24242,2020-09-27,13320,Fredericton,URBAN,CA,545,"4,382,000","6,935",25,13,New Brunswick
24243,2020-09-27,13328,Bathurst,URBAN,CA,160,"962,000","1,458",5,13,New Brunswick
24244,2020-09-27,13329,Miramichi,URBAN,CA,110,"764,000","1,327",5,13,New Brunswick
24245,2020-09-27,13330,Campbellton (New Brunswick part),URBAN,CA,115,"878,000","1,238",10,13,New Brunswick
24246,2020-09-27,13335,Edmundston,URBAN,CA,125,"1,111,000","1,838",5,13,New Brunswick
24538,2020-09-27,24330,Campbellton (Quebec part),URBAN,CA,0,,,0,24,Quebec
24623,2020-09-27,24403,Matane,URBAN,CA,55,"685,000",870,0,24,Quebec
24624,2020-09-27,24404,Rimouski,URBAN,CA,280,"1,674,000","2,804",10,24,Quebec
24625,2020-09-27,24405,Rivière-du-Loup,URBAN,CA,235,"2,668,000","4,511",5,24,Quebec
24626,2020-09-27,24406,Baie-Comeau,URBAN,CA,110,"718,000","1,292",10,24,Quebec
24627,2020-09-27,24408,Saguenay,URBAN,CMA,880,"8,925,000","12,232",40,24,Quebec
24628,2020-09-27,24410,Alma,URBAN,CA,195,"1,934,000","2,631",10,24,Quebec
24638,2020-09-27,24411,Dolbeau-Mistassini,URBAN,CA,65,"418,000",654,5,24,Quebec
24640,2020-09-27,24412,Sept-Îles,URBAN,CA,125,"985,000","1,225",10,24,Quebec
24656,2020-09-27,24421,Québec,URBAN,CMA,"4,715","55,174,000","76,070",200,24,Quebec
24658,2020-09-27,24430,Thetford Mines,URBAN,CA,145,"1,575,000","2,115",5,24,Quebec
24660,2020-09-27,24433,Sherbrooke,URBAN,CMA,"1,060","12,597,000","17,787",60,24,Quebec
24661,2020-09-27,24440,Victoriaville,URBAN,CA,340,"2,722,000","4,612",15,24,Quebec
24671,2020-09-27,24442,Trois-Rivières,URBAN,CMA,880,"12,179,000","15,455",55,24,Quebec
24672,2020-09-27,24444,Shawinigan,URBAN,CA,225,"1,895,000","3,043",15,24,Quebec
24673,2020-09-27,24447,Drummondville,URBAN,CA,560,"5,691,000","9,012",25,24,Quebec
24674,2020-09-27,24450,Granby,URBAN,CA,555,"6,731,000","9,079",20,24,Quebec
24690,2020-09-27,24452,Saint-Hyacinthe,URBAN,CA,345,"3,247,000","5,716",20,24,Quebec
24691,2020-09-27,24454,Sorel-Tracy,URBAN,CA,175,"3,217,000","3,244",10,24,Quebec
24692,2020-09-27,24456,Joliette,URBAN,CA,315,"3,123,000","4,674",10,24,Quebec
24713,2020-09-27,24462,Montréal,URBAN,CMA,"24,215","356,493,000","417,872","1,320",24,Quebec
24721,2020-09-27,24480,Val-d'Or,URBAN,CA,205,"3,002,000","4,451",15,24,Quebec
24759,2020-09-27,24505,Ottawa - Gatineau (Quebec part),URBAN,CMA,"1,095","9,588,000","17,814",70,24,Quebec
25548,2020-09-27,35501,Cornwall,URBAN,CA,250,"2,118,000","3,271",15,35,Ontario
25549,2020-09-27,35505,Ottawa - Gatineau (Ontario part),URBAN,CMA,"5,915","69,704,000","87,086",385,35,Ontario
25550,2020-09-27,35507,Arnprior,URBAN,CA,70,"848,000",800,10,35,Ontario
25551,2020-09-27,35509,Carleton Place,URBAN,CA,110,"852,000","1,686",5,35,Ontario
25560,2020-09-27,35512,Brockville,URBAN,CA,210,"1,592,000","2,153",15,35,Ontario
25561,2020-09-27,35515,Pembroke,URBAN,CA,135,"995,000","1,668",5,35,Ontario
25571,2020-09-27,35521,Kingston,URBAN,CMA,925,"8,917,000","12,612",40,35,Ontario
25572,2020-09-27,35522,Belleville,URBAN,CMA,520,"4,449,000","7,377",45,35,Ontario
25573,2020-09-27,35529,Peterborough,URBAN,CMA,655,"6,262,000","8,976",35,35,Ontario
25575,2020-09-27,35532,Oshawa,URBAN,CMA,"1,490","12,858,000","22,482",95,35,Ontario
25576,2020-09-27,35535,Toronto,URBAN,CMA,"40,440","593,879,000","678,988","3,070",35,Ontario
25577,2020-09-27,35537,Hamilton,URBAN,CMA,"4,305","52,330,000","70,091",225,35,Ontario
25578,2020-09-27,35539,St. Catharines - Niagara,URBAN,CMA,"2,490","26,526,000","37,501",140,35,Ontario
25590,2020-09-27,35541,Kitchener - Cambridge - Waterloo,URBAN,CMA,"3,095","43,850,000","53,766",140,35,Ontario
25591,2020-09-27,35543,Brantford,URBAN,CMA,695,"9,668,000","12,367",40,35,Ontario
25592,2020-09-27,35550,Guelph,URBAN,CMA,940,"10,938,000","16,276",45,35,Ontario
25593,2020-09-27,35555,London,URBAN,CMA,"2,555","31,931,000","42,646",130,35,Ontario
25594,2020-09-27,35556,Chatham-Kent,URBAN,CA,355,"3,942,000","5,287",25,35,Ontario
25595,2020-09-27,35557,Leamington,URBAN,CA,190,"1,841,000","2,867",15,35,Ontario
25596,2020-09-27,35559,Windsor,URBAN,CMA,"1,605","26,007,000","36,472",120,35,Ontario
25608,2020-09-27,35562,Sarnia,URBAN,CA,480,"12,614,000","11,058",25,35,Ontario
25609,2020-09-27,35566,Owen Sound,URBAN,CA,190,"1,414,000","3,105",10,35,Ontario
25610,2020-09-27,35568,Barrie,URBAN,CMA,"1,160","9,517,000","14,694",70,35,Ontario
25629,2020-09-27,35571,Midland,URBAN,CA,125,"1,187,000","1,648",5,35,Ontario
25630,2020-09-27,35575,North Bay,URBAN,CA,380,"4,301,000","5,993",25,35,Ontario
25631,2020-09-27,35580,Greater Sudbury,URBAN,CMA,690,"7,804,000","11,133",40,35,Ontario
25644,2020-09-27,35590,Sault Ste. Marie,URBAN,CA,350,"4,561,000","5,702",10,35,Ontario
25654,2020-09-27,35595,Thunder Bay,URBAN,CMA,585,"8,077,000","9,595",30,35,Ontario
25796,2020-09-27,46602,Winnipeg,URBAN,CMA,"4,040","43,955,000","63,529",235,46,Manitoba
25797,2020-09-27,46603,Winkler,URBAN,CA,120,"897,000","1,573",5,46,Manitoba
25798,2020-09-27,46610,Brandon,URBAN,CA,320,"2,405,000","3,816",15,46,Manitoba
26091,2020-09-27,47705,Regina,URBAN,CMA,"1,385","13,689,000","18,982",90,47,Saskatchewan
26092,2020-09-27,47710,Yorkton,URBAN,CA,105,"853,000","1,231",5,47,Saskatchewan
26093,2020-09-27,47715,Moose Jaw,URBAN,CA,170,"1,096,000","1,744",5,47,Saskatchewan
26094,2020-09-27,47720,Swift Current,URBAN,CA,160,"1,211,000","1,606",10,47,Saskatchewan
26095,2020-09-27,47725,Saskatoon,URBAN,CMA,"1,830","18,795,000","25,240",105,47,Saskatchewan
26096,2020-09-27,47735,North Battleford,URBAN,CA,100,"798,000",961,5,47,Saskatchewan
26097,2020-09-27,47745,Prince Albert,URBAN,CA,185,"2,267,000","2,768",15,47,Saskatchewan
26098,2020-09-27,47750,Estevan,URBAN,CA,170,"2,415,000","2,032",15,47,Saskatchewan
26099,2020-09-27,47840,Lloydminster (Saskatchewan part),URBAN,CA,135,"1,170,000","1,267",5,47,Saskatchewan
26348,2020-09-27,48805,Medicine Hat,URBAN,CA,530,"5,422,000","6,078",30,48,Alberta
26349,2020-09-27,48806,Brooks,URBAN,CA,160,"2,446,000","1,825",10,48,Alberta
26350,2020-09-27,48810,Lethbridge,URBAN,CMA,720,"6,722,000","10,006",30,48,Alberta
26351,2020-09-27,48825,Calgary,URBAN,CMA,"11,325","206,107,000","189,826",740,48,Alberta
26352,2020-09-27,48831,Sylvan Lake,URBAN,CA,100,"912,000",871,10,48,Alberta
26353,2020-09-27,48835,Edmonton,URBAN,CMA,"10,130","140,702,000","153,003",600,48,Alberta
26354,2020-09-27,48860,Wood Buffalo,URBAN,CA,425,"11,524,000","11,837",30,48,Alberta
26682,2020-09-27,59905,Cranbrook,URBAN,CA,185,"1,950,000","1,990",10,59,British Columbia
26683,2020-09-27,59907,Nelson,URBAN,CA,110,"679,000","1,082",0,59,British Columbia
26684,2020-09-27,59913,Penticton,URBAN,CA,240,"2,419,000","3,174",15,59,British Columbia
26685,2020-09-27,59915,Kelowna,URBAN,CMA,"1,335","14,776,000","18,122",65,59,British Columbia
26686,2020-09-27,59918,Vernon,URBAN,CA,380,"2,819,000","4,494",25,59,British Columbia
26687,2020-09-27,59920,Salmon Arm,URBAN,CA,100,"869,000","1,102",5,59,British Columbia
26688,2020-09-27,59925,Kamloops,URBAN,CA,595,"6,020,000","8,792",45,59,British Columbia
26689,2020-09-27,59930,Chilliwack,URBAN,CA,390,"3,188,000","4,994",35,59,British Columbia
26690,2020-09-27,59932,Abbotsford - Mission,URBAN,CMA,880,"8,035,000","11,532",60,59,British Columbia
26691,2020-09-27,59933,Vancouver,URBAN,CMA,"18,065","209,350,000","256,331","1,460",59,British Columbia
26692,2020-09-27,59934,Squamish,URBAN,CA,165,"1,438,000","1,731",10,59,British Columbia
26693,2020-09-27,59935,Victoria,URBAN,CMA,"2,180","21,928,000","27,567",110,59,British Columbia
26694,2020-09-27,59937,Duncan,URBAN,CA,245,"1,830,000","2,459",15,59,British Columbia
26695,2020-09-27,59938,Nanaimo,URBAN,CA,600,"3,936,000","6,617",45,59,British Columbia
26696,2020-09-27,59939,Parksville,URBAN,CA,120,"718,000","1,334",10,59,British Columbia
26697,2020-09-27,59940,Port Alberni,URBAN,CA,80,"1,235,000","1,001",5,59,British Columbia
26698,2020-09-27,59943,Courtenay,URBAN,CA,235,"1,393,000","2,212",5,59,British Columbia
26699,2020-09-27,59944,Campbell River,URBAN,CA,200,"1,893,000","2,633",10,59,British Columbia
26700,2020-09-27,59945,Powell River,URBAN,CA,65,"256,000",406,5,59,British Columbia
26701,2020-09-27,59950,Williams Lake,URBAN,CA,85,"1,640,000","1,438",5,59,British Columbia
26702,2020-09-27,59952,Quesnel,URBAN,CA,85,"866,000","1,138",5,59,British Columbia
26703,2020-09-27,59955,Prince Rupert,URBAN,CA,60,"334,000",580,0,59,British Columbia
26704,2020-09-27,59965,Terrace,URBAN,CA,100,"709,000","1,091",10,59,British Columbia
26705,2020-09-27,59970,Prince George,URBAN,CA,440,"4,180,000","5,416",20,59,British Columbia
26706,2020-09-27,59977,Fort St. John,URBAN,CA,290,"3,498,000","3,643",25,59,British Columbia
26710,2020-09-27,60000,Yukon - rural part excluding undetermined CSDs,RURAL,Not applicable,35,"222,000",235,0,60,Yukon
26723,2020-09-27,60990,Whitehorse,URBAN,CA,185,"1,784,000","2,087",5,60,Yukon
26727,2020-09-27,61000,Northwest Territories - rural part excluding undetermined CSDs,RURAL,Not applicable,65,,,0,61,Northwest Territories
26748,2020-09-27,62000,Nunavut - rural part excluding undetermined CSDs,RURAL,Not applicable,65,"1,311,000","1,369",0,62,Nunavut
26769,2020-09-27,TOTAL,Canada,Not applicable,Not applicable,"202,310","2,618,872,000","3,154,474","12,620",TO,
